{
  "run_id": "lightgbm_target_next_high_intensity_20251124_213304",
  "timestamp": "20251124_213304",
  "model_name": "lightgbm",
  "target_type": "target_next_high_intensity",
  "config": {
    "high_intensity_threshold": 7,
    "n_lags": 3,
    "window_days": [
      7
    ],
    "k_days_list": [
      1,
      3,
      7
    ],
    "feature_set": "all",
    "subsample": 0.6,
    "num_leaves": 63,
    "n_estimators": 50,
    "min_child_samples": 20,
    "max_depth": 10,
    "learning_rate": 0.1,
    "colsample_bytree": 1.0,
    "model_name": "lightgbm",
    "target_col": "target_next_high_intensity",
    "task_type": "classification",
    "n_train_samples": 1236,
    "n_test_samples": 209,
    "n_features": 34,
    "search_type": "random",
    "search_time_seconds": 78.23685693740845,
    "best_cv_score": 0.3511530574042099,
    "n_iter": 50
  },
  "metrics": {
    "train_accuracy": 1.0,
    "train_precision": 1.0,
    "train_recall": 1.0,
    "train_f1": 1.0,
    "train_true_positives": 199,
    "train_true_negatives": 1037,
    "train_false_positives": 0,
    "train_false_negatives": 0,
    "train_specificity": 1.0,
    "train_baseline_accuracy": 0.8389967637540453,
    "train_accuracy_improvement": 19.189971070395373,
    "test_accuracy": 0.5980861244019139,
    "test_precision": 0.7352941176470589,
    "test_recall": 0.25,
    "test_f1": 0.373134328358209,
    "test_true_positives": 25,
    "test_true_negatives": 100,
    "test_false_positives": 9,
    "test_false_negatives": 75,
    "test_specificity": 0.9174311926605505,
    "test_roc_auc": 0.7338532110091742,
    "test_pr_auc": 0.693655204577988,
    "test_baseline_accuracy": 0.5215311004784688,
    "test_accuracy_improvement": 14.678899082568822,
    "train_time_seconds": 0.2002849578857422
  },
  "additional_info": {}
}