{
  "run_id": "lightgbm_target_next_high_intensity_20251124_214522",
  "timestamp": "20251124_214522",
  "model_name": "lightgbm",
  "target_type": "target_next_high_intensity",
  "config": {
    "high_intensity_threshold": 7,
    "n_lags": 3,
    "window_days": [
      3,
      7,
      14
    ],
    "k_days_list": [
      1,
      3,
      7
    ],
    "feature_set": "time_window_only",
    "subsample": 0.6,
    "num_leaves": 63,
    "n_estimators": 50,
    "min_child_samples": 20,
    "max_depth": 10,
    "learning_rate": 0.1,
    "colsample_bytree": 1.0,
    "model_name": "lightgbm",
    "target_col": "target_next_high_intensity",
    "task_type": "classification",
    "n_train_samples": 1236,
    "n_test_samples": 209,
    "n_features": 45,
    "search_type": "random",
    "search_time_seconds": 82.31382274627686,
    "best_cv_score": 0.34899726915855944,
    "n_iter": 50
  },
  "metrics": {
    "train_accuracy": 0.9951456310679612,
    "train_precision": 0.9948717948717949,
    "train_recall": 0.9748743718592965,
    "train_f1": 0.9847715736040609,
    "train_true_positives": 194,
    "train_true_negatives": 1036,
    "train_false_positives": 1,
    "train_false_negatives": 5,
    "train_specificity": 0.9990356798457087,
    "train_baseline_accuracy": 0.8389967637540453,
    "train_accuracy_improvement": 18.611378977820635,
    "test_accuracy": 0.5311004784688995,
    "test_precision": 0.5357142857142857,
    "test_recall": 0.15,
    "test_f1": 0.234375,
    "test_true_positives": 15,
    "test_true_negatives": 96,
    "test_false_positives": 13,
    "test_false_negatives": 85,
    "test_specificity": 0.8807339449541285,
    "test_roc_auc": 0.6667889908256881,
    "test_pr_auc": 0.6104847797567449,
    "test_baseline_accuracy": 0.5215311004784688,
    "test_accuracy_improvement": 1.8348623853211108,
    "train_time_seconds": 0.22426891326904297
  },
  "additional_info": {}
}