{
  "run_id": "lightgbm_target_next_high_intensity_20251124_215202",
  "timestamp": "20251124_215202",
  "model_name": "lightgbm",
  "target_type": "target_next_high_intensity",
  "config": {
    "high_intensity_threshold": 7,
    "n_lags": 3,
    "window_days": [
      3,
      7,
      14
    ],
    "k_days_list": [
      1,
      3,
      7
    ],
    "feature_set": "all",
    "subsample": 0.6,
    "num_leaves": 63,
    "n_estimators": 50,
    "min_child_samples": 20,
    "max_depth": 10,
    "learning_rate": 0.1,
    "colsample_bytree": 1.0,
    "model_name": "lightgbm",
    "target_col": "target_next_high_intensity",
    "task_type": "classification",
    "n_train_samples": 1236,
    "n_test_samples": 209,
    "n_features": 52,
    "search_type": "random",
    "search_time_seconds": 77.76916289329529,
    "best_cv_score": 0.3415103415103415,
    "n_iter": 50
  },
  "metrics": {
    "train_accuracy": 0.9991909385113269,
    "train_precision": 1.0,
    "train_recall": 0.9949748743718593,
    "train_f1": 0.9974811083123426,
    "train_true_positives": 198,
    "train_true_negatives": 1037,
    "train_false_positives": 0,
    "train_false_negatives": 1,
    "train_specificity": 1.0,
    "train_baseline_accuracy": 0.8389967637540453,
    "train_accuracy_improvement": 19.093539054966254,
    "test_accuracy": 0.5789473684210527,
    "test_precision": 0.7307692307692307,
    "test_recall": 0.19,
    "test_f1": 0.30158730158730157,
    "test_true_positives": 19,
    "test_true_negatives": 102,
    "test_false_positives": 7,
    "test_false_negatives": 81,
    "test_specificity": 0.9357798165137615,
    "test_roc_auc": 0.71,
    "test_pr_auc": 0.6536363280215888,
    "test_baseline_accuracy": 0.5215311004784688,
    "test_accuracy_improvement": 11.009174311926621,
    "train_time_seconds": 0.236738920211792
  },
  "additional_info": {}
}