{
  "run_id": "random_forest_target_next_high_intensity_20251124_211749",
  "timestamp": "20251124_211749",
  "model_name": "random_forest",
  "target_type": "target_next_high_intensity",
  "config": {
    "high_intensity_threshold": 7,
    "n_lags": 3,
    "window_days": [
      7
    ],
    "k_days_list": [
      1,
      3,
      7
    ],
    "feature_set": "sequence_only",
    "n_estimators": 200,
    "min_samples_split": 10,
    "min_samples_leaf": 2,
    "max_features": 1.0,
    "max_depth": null,
    "model_name": "random_forest",
    "target_col": "target_next_high_intensity",
    "task_type": "classification",
    "n_train_samples": 1236,
    "n_test_samples": 209,
    "n_features": 22,
    "search_type": "random",
    "search_time_seconds": 10.08114504814148,
    "best_cv_score": 0.2306121119813307,
    "n_iter": 50
  },
  "metrics": {
    "train_accuracy": 0.9587378640776699,
    "train_precision": 0.9933333333333333,
    "train_recall": 0.7487437185929648,
    "train_f1": 0.8538681948424068,
    "train_true_positives": 149,
    "train_true_negatives": 1036,
    "train_false_positives": 1,
    "train_false_negatives": 50,
    "train_specificity": 0.9990356798457087,
    "train_baseline_accuracy": 0.8389967637540453,
    "train_accuracy_improvement": 14.271938283510128,
    "test_accuracy": 0.5502392344497608,
    "test_precision": 0.6875,
    "test_recall": 0.11,
    "test_f1": 0.1896551724137931,
    "test_true_positives": 11,
    "test_true_negatives": 104,
    "test_false_positives": 5,
    "test_false_negatives": 89,
    "test_specificity": 0.9541284403669725,
    "test_roc_auc": 0.7727522935779817,
    "test_pr_auc": 0.6885215375593028,
    "test_baseline_accuracy": 0.5215311004784688,
    "test_accuracy_improvement": 5.504587155963311,
    "train_time_seconds": 0.389070987701416
  },
  "additional_info": {}
}