{
  "run_id": "xgboost_target_next_high_intensity_20251124_213021",
  "timestamp": "20251124_213021",
  "model_name": "xgboost",
  "target_type": "target_next_high_intensity",
  "config": {
    "high_intensity_threshold": 7,
    "n_lags": 3,
    "window_days": [
      7
    ],
    "k_days_list": [
      1,
      3,
      7
    ],
    "feature_set": "all",
    "subsample": 1.0,
    "n_estimators": 50,
    "min_child_weight": 3,
    "max_depth": 3,
    "learning_rate": 0.1,
    "colsample_bytree": 1.0,
    "model_name": "xgboost",
    "target_col": "target_next_high_intensity",
    "task_type": "classification",
    "n_train_samples": 1236,
    "n_test_samples": 209,
    "n_features": 34,
    "search_type": "random",
    "search_time_seconds": 4.093950986862183,
    "best_cv_score": 0.37867377629218435,
    "n_iter": 50
  },
  "metrics": {
    "train_accuracy": 0.9053398058252428,
    "train_precision": 0.8596491228070176,
    "train_recall": 0.49246231155778897,
    "train_f1": 0.6261980830670927,
    "train_true_positives": 98,
    "train_true_negatives": 1021,
    "train_false_positives": 16,
    "train_false_negatives": 101,
    "train_specificity": 0.9845708775313404,
    "train_baseline_accuracy": 0.8389967637540453,
    "train_accuracy_improvement": 7.9074252651880474,
    "test_accuracy": 0.5789473684210527,
    "test_precision": 0.75,
    "test_recall": 0.18,
    "test_f1": 0.2903225806451613,
    "test_true_positives": 18,
    "test_true_negatives": 103,
    "test_false_positives": 6,
    "test_false_negatives": 82,
    "test_specificity": 0.944954128440367,
    "test_roc_auc": 0.7901834862385321,
    "test_pr_auc": 0.7514935153523938,
    "test_baseline_accuracy": 0.5215311004784688,
    "test_accuracy_improvement": 11.009174311926621,
    "train_time_seconds": 0.07715296745300293
  },
  "additional_info": {}
}