{
  "run_id": "xgboost_target_next_high_intensity_20251124_212356",
  "timestamp": "20251124_212356",
  "model_name": "xgboost",
  "target_type": "target_next_high_intensity",
  "config": {
    "high_intensity_threshold": 7,
    "n_lags": 3,
    "window_days": [
      7
    ],
    "k_days_list": [
      1,
      3,
      7
    ],
    "feature_set": "time_window_only",
    "subsample": 0.6,
    "n_estimators": 100,
    "min_child_weight": 3,
    "max_depth": 7,
    "learning_rate": 0.2,
    "colsample_bytree": 1.0,
    "model_name": "xgboost",
    "target_col": "target_next_high_intensity",
    "task_type": "classification",
    "n_train_samples": 1236,
    "n_test_samples": 209,
    "n_features": 27,
    "search_type": "random",
    "search_time_seconds": 1.418609857559204,
    "best_cv_score": 0.3244141271800926,
    "n_iter": 50
  },
  "metrics": {
    "train_accuracy": 0.9935275080906149,
    "train_precision": 1.0,
    "train_recall": 0.9597989949748744,
    "train_f1": 0.9794871794871794,
    "train_true_positives": 191,
    "train_true_negatives": 1037,
    "train_false_positives": 0,
    "train_false_negatives": 8,
    "train_specificity": 1.0,
    "train_baseline_accuracy": 0.8389967637540453,
    "train_accuracy_improvement": 18.41851494696239,
    "test_accuracy": 0.583732057416268,
    "test_precision": 0.8095238095238095,
    "test_recall": 0.17,
    "test_f1": 0.2809917355371901,
    "test_true_positives": 17,
    "test_true_negatives": 105,
    "test_false_positives": 4,
    "test_false_negatives": 83,
    "test_specificity": 0.963302752293578,
    "test_roc_auc": 0.7115596330275229,
    "test_pr_auc": 0.6731908469409846,
    "test_baseline_accuracy": 0.5215311004784688,
    "test_accuracy_improvement": 11.926605504587178,
    "train_time_seconds": 0.14001989364624023
  },
  "additional_info": {}
}