{
  "run_id": "xgboost_target_next_high_intensity_20251124_214226",
  "timestamp": "20251124_214226",
  "model_name": "xgboost",
  "target_type": "target_next_high_intensity",
  "config": {
    "high_intensity_threshold": 7,
    "n_lags": 3,
    "window_days": [
      3,
      7,
      14
    ],
    "k_days_list": [
      1,
      3,
      7
    ],
    "feature_set": "time_window_only",
    "subsample": 0.8,
    "n_estimators": 200,
    "min_child_weight": 5,
    "max_depth": 5,
    "learning_rate": 0.1,
    "colsample_bytree": 0.8,
    "model_name": "xgboost",
    "target_col": "target_next_high_intensity",
    "task_type": "classification",
    "n_train_samples": 1236,
    "n_test_samples": 209,
    "n_features": 45,
    "search_type": "random",
    "search_time_seconds": 2.7959258556365967,
    "best_cv_score": 0.33447778275364487,
    "n_iter": 50
  },
  "metrics": {
    "train_accuracy": 0.9854368932038835,
    "train_precision": 0.983957219251337,
    "train_recall": 0.9246231155778895,
    "train_f1": 0.9533678756476683,
    "train_true_positives": 184,
    "train_true_negatives": 1034,
    "train_false_positives": 3,
    "train_false_negatives": 15,
    "train_specificity": 0.9971070395371263,
    "train_baseline_accuracy": 0.8389967637540453,
    "train_accuracy_improvement": 17.454194792671167,
    "test_accuracy": 0.5789473684210527,
    "test_precision": 0.6875,
    "test_recall": 0.22,
    "test_f1": 0.3333333333333333,
    "test_true_positives": 22,
    "test_true_negatives": 99,
    "test_false_positives": 10,
    "test_false_negatives": 78,
    "test_specificity": 0.908256880733945,
    "test_roc_auc": 0.7103669724770643,
    "test_pr_auc": 0.6805269331113134,
    "test_baseline_accuracy": 0.5215311004784688,
    "test_accuracy_improvement": 11.009174311926621,
    "train_time_seconds": 0.29857611656188965
  },
  "additional_info": {}
}