{
  "run_id": "lightgbm_target_next_high_intensity_20251109_184901",
  "timestamp": "20251109_184901",
  "model_name": "lightgbm",
  "target_type": "target_next_high_intensity",
  "config": {
    "high_intensity_threshold": 7,
    "n_lags": 3,
    "window_days": [
      3,
      7,
      14
    ],
    "k_days_list": [
      1,
      3,
      7
    ],
    "feature_set": "sequence_only",
    "subsample": 1.0,
    "num_leaves": 127,
    "n_estimators": 50,
    "min_child_samples": 5,
    "max_depth": 3,
    "learning_rate": 0.2,
    "colsample_bytree": 0.8,
    "model_name": "lightgbm",
    "target_col": "target_next_high_intensity",
    "task_type": "classification",
    "n_train_samples": 1236,
    "n_test_samples": 209,
    "n_features": 22,
    "search_type": "random",
    "search_time_seconds": 97.23920392990112,
    "best_cv_score": 0.292320834626119,
    "n_iter": 50
  },
  "metrics": {
    "train_accuracy": 0.9506472491909385,
    "train_precision": 0.96,
    "train_recall": 0.7236180904522613,
    "train_f1": 0.8252148997134671,
    "train_true_positives": 144,
    "train_true_negatives": 1031,
    "train_false_positives": 6,
    "train_false_negatives": 55,
    "train_specificity": 0.9942140790742526,
    "train_baseline_accuracy": 0.8389967637540453,
    "train_accuracy_improvement": 13.307618129218895,
    "test_accuracy": 0.6172248803827751,
    "test_precision": 0.7272727272727273,
    "test_recall": 0.32,
    "test_f1": 0.4444444444444444,
    "test_true_positives": 32,
    "test_true_negatives": 97,
    "test_false_positives": 12,
    "test_false_negatives": 68,
    "test_specificity": 0.8899082568807339,
    "test_roc_auc": 0.7492660550458715,
    "test_pr_auc": 0.6922471209720518,
    "test_baseline_accuracy": 0.5215311004784688,
    "test_accuracy_improvement": 18.34862385321102,
    "train_time_seconds": 0.05040693283081055
  },
  "additional_info": {}
}