{
  "run_id": "lightgbm_target_next_high_intensity_20251109_194308",
  "timestamp": "20251109_194308",
  "model_name": "lightgbm",
  "target_type": "target_next_high_intensity",
  "config": {
    "high_intensity_threshold": 7,
    "n_lags": 3,
    "window_days": [
      3,
      7,
      14
    ],
    "k_days_list": [
      1,
      3,
      7
    ],
    "feature_set": "all",
    "subsample": 0.8,
    "num_leaves": 63,
    "n_estimators": 100,
    "min_child_samples": 20,
    "max_depth": 10,
    "learning_rate": 0.05,
    "colsample_bytree": 0.6,
    "model_name": "lightgbm",
    "target_col": "target_next_high_intensity",
    "task_type": "classification",
    "n_train_samples": 1236,
    "n_test_samples": 209,
    "n_features": 52,
    "search_type": "random",
    "search_time_seconds": 116.21901226043701,
    "best_cv_score": 0.347734404908782,
    "n_iter": 50
  },
  "metrics": {
    "train_accuracy": 0.9983818770226537,
    "train_precision": 1.0,
    "train_recall": 0.9899497487437185,
    "train_f1": 0.9949494949494949,
    "train_true_positives": 197,
    "train_true_negatives": 1037,
    "train_false_positives": 0,
    "train_false_negatives": 2,
    "train_specificity": 1.0,
    "train_baseline_accuracy": 0.8389967637540453,
    "train_accuracy_improvement": 18.997107039537124,
    "test_accuracy": 0.5550239234449761,
    "test_precision": 0.6521739130434783,
    "test_recall": 0.15,
    "test_f1": 0.24390243902439024,
    "test_true_positives": 15,
    "test_true_negatives": 101,
    "test_false_positives": 8,
    "test_false_negatives": 85,
    "test_specificity": 0.926605504587156,
    "test_roc_auc": 0.731834862385321,
    "test_pr_auc": 0.6764655613462287,
    "test_baseline_accuracy": 0.5215311004784688,
    "test_accuracy_improvement": 6.422018348623866,
    "train_time_seconds": 0.6909468173980713
  },
  "additional_info": {}
}