{
  "run_id": "random_forest_target_next_high_intensity_20251109_183635",
  "timestamp": "20251109_183635",
  "model_name": "random_forest",
  "target_type": "target_next_high_intensity",
  "config": {
    "high_intensity_threshold": 7,
    "n_lags": 3,
    "window_days": [
      7
    ],
    "k_days_list": [
      1,
      3,
      7
    ],
    "feature_set": "all",
    "n_estimators": 50,
    "min_samples_split": 5,
    "min_samples_leaf": 4,
    "max_features": 1.0,
    "max_depth": null,
    "model_name": "random_forest",
    "target_col": "target_next_high_intensity",
    "task_type": "classification",
    "n_train_samples": 1236,
    "n_test_samples": 209,
    "n_features": 34,
    "search_type": "random",
    "search_time_seconds": 17.707921981811523,
    "best_cv_score": 0.333967654764115,
    "n_iter": 50
  },
  "metrics": {
    "train_accuracy": 0.9579288025889967,
    "train_precision": 0.9867549668874173,
    "train_recall": 0.7487437185929648,
    "train_f1": 0.8514285714285714,
    "train_true_positives": 149,
    "train_true_negatives": 1035,
    "train_false_positives": 2,
    "train_false_negatives": 50,
    "train_specificity": 0.9980713596914176,
    "train_baseline_accuracy": 0.8389967637540453,
    "train_accuracy_improvement": 14.175506268080998,
    "test_accuracy": 0.583732057416268,
    "test_precision": 0.696969696969697,
    "test_recall": 0.23,
    "test_f1": 0.3458646616541353,
    "test_true_positives": 23,
    "test_true_negatives": 99,
    "test_false_positives": 10,
    "test_false_negatives": 77,
    "test_specificity": 0.908256880733945,
    "test_roc_auc": 0.7155963302752294,
    "test_pr_auc": 0.645467213279737,
    "test_baseline_accuracy": 0.5215311004784688,
    "test_accuracy_improvement": 11.926605504587178,
    "train_time_seconds": 0.14997506141662598
  },
  "additional_info": {}
}