{
  "run_id": "random_forest_target_next_high_intensity_20251109_182722",
  "timestamp": "20251109_182722",
  "model_name": "random_forest",
  "target_type": "target_next_high_intensity",
  "config": {
    "high_intensity_threshold": 7,
    "n_lags": 3,
    "window_days": [
      7
    ],
    "k_days_list": [
      1,
      3,
      7
    ],
    "feature_set": "time_window_only",
    "n_estimators": 300,
    "min_samples_split": 2,
    "min_samples_leaf": 4,
    "max_features": 1.0,
    "max_depth": 5,
    "model_name": "random_forest",
    "target_col": "target_next_high_intensity",
    "task_type": "classification",
    "n_train_samples": 1236,
    "n_test_samples": 209,
    "n_features": 27,
    "search_type": "random",
    "search_time_seconds": 13.199015855789185,
    "best_cv_score": 0.3455297788631122,
    "n_iter": 50
  },
  "metrics": {
    "train_accuracy": 0.8956310679611651,
    "train_precision": 0.8977272727272727,
    "train_recall": 0.3969849246231156,
    "train_f1": 0.5505226480836237,
    "train_true_positives": 79,
    "train_true_negatives": 1028,
    "train_false_positives": 9,
    "train_false_negatives": 120,
    "train_specificity": 0.991321118611379,
    "train_baseline_accuracy": 0.8389967637540453,
    "train_accuracy_improvement": 6.750241080038578,
    "test_accuracy": 0.6028708133971292,
    "test_precision": 0.6808510638297872,
    "test_recall": 0.32,
    "test_f1": 0.43537414965986393,
    "test_true_positives": 32,
    "test_true_negatives": 94,
    "test_false_positives": 15,
    "test_false_negatives": 68,
    "test_specificity": 0.8623853211009175,
    "test_roc_auc": 0.7356880733944954,
    "test_pr_auc": 0.6661180183532758,
    "test_baseline_accuracy": 0.5215311004784688,
    "test_accuracy_improvement": 15.596330275229379,
    "train_time_seconds": 0.3907010555267334
  },
  "additional_info": {}
}