{
  "run_id": "random_forest_target_next_high_intensity_20251109_193731",
  "timestamp": "20251109_193731",
  "model_name": "random_forest",
  "target_type": "target_next_high_intensity",
  "config": {
    "high_intensity_threshold": 7,
    "n_lags": 3,
    "window_days": [
      3,
      7,
      14
    ],
    "k_days_list": [
      1,
      3,
      7
    ],
    "feature_set": "all",
    "n_estimators": 300,
    "min_samples_split": 10,
    "min_samples_leaf": 4,
    "max_features": "sqrt",
    "max_depth": 15,
    "model_name": "random_forest",
    "target_col": "target_next_high_intensity",
    "task_type": "classification",
    "n_train_samples": 1236,
    "n_test_samples": 209,
    "n_features": 52,
    "search_type": "random",
    "search_time_seconds": 27.668121099472046,
    "best_cv_score": 0.3460148577936015,
    "n_iter": 50
  },
  "metrics": {
    "train_accuracy": 0.9336569579288025,
    "train_precision": 0.968,
    "train_recall": 0.6080402010050251,
    "train_f1": 0.7469135802469136,
    "train_true_positives": 121,
    "train_true_negatives": 1033,
    "train_false_positives": 4,
    "train_false_negatives": 78,
    "train_specificity": 0.996142719382835,
    "train_baseline_accuracy": 0.8389967637540453,
    "train_accuracy_improvement": 11.282545805207324,
    "test_accuracy": 0.5741626794258373,
    "test_precision": 0.7619047619047619,
    "test_recall": 0.16,
    "test_f1": 0.2644628099173554,
    "test_true_positives": 16,
    "test_true_negatives": 104,
    "test_false_positives": 5,
    "test_false_negatives": 84,
    "test_specificity": 0.9541284403669725,
    "test_roc_auc": 0.7730275229357798,
    "test_pr_auc": 0.6960102378825257,
    "test_baseline_accuracy": 0.5215311004784688,
    "test_accuracy_improvement": 10.091743119266066,
    "train_time_seconds": 0.6263649463653564
  },
  "additional_info": {}
}