run_id,timestamp,model_name,target_type,config_high_intensity_threshold,config_n_lags,config_window_days,config_k_days_list,config_feature_set,config_n_estimators,config_min_samples_split,config_min_samples_leaf,config_max_features,config_max_depth,config_model_name,config_target_col,config_task_type,config_n_train_samples,config_n_test_samples,config_n_features,config_search_type,config_search_time_seconds,config_best_cv_score,config_n_iter,metric_train_mae,metric_train_rmse,metric_train_mse,metric_train_r2,metric_train_mean_error,metric_train_median_abs_error,metric_train_max_error,metric_train_mape,metric_test_mae,metric_test_rmse,metric_test_mse,metric_test_r2,metric_test_mean_error,metric_test_median_abs_error,metric_test_max_error,metric_test_mape,metric_test_baseline_mae,metric_test_baseline_rmse,metric_test_mae_improvement,metric_test_rmse_improvement,metric_train_time_seconds,metric_train_accuracy,metric_train_precision,metric_train_recall,metric_train_f1,metric_train_true_positives,metric_train_true_negatives,metric_train_false_positives,metric_train_false_negatives,metric_train_specificity,metric_train_baseline_accuracy,metric_train_accuracy_improvement,metric_test_accuracy,metric_test_precision,metric_test_recall,metric_test_f1,metric_test_true_positives,metric_test_true_negatives,metric_test_false_positives,metric_test_false_negatives,metric_test_specificity,metric_test_roc_auc,metric_test_pr_auc,metric_test_baseline_accuracy,metric_test_accuracy_improvement,config_subsample,config_min_child_weight,config_learning_rate,config_colsample_bytree,config_num_leaves,config_min_child_samples
random_forest_target_next_intensity_20251124_012314,20251124_012314,random_forest,target_next_intensity,7,3,[7],"[1, 3, 7]",sequence_only,100,2.0,4.0,1.0,5.0,random_forest,target_next_intensity,regression,1236,209,22,random,13.431411981582642,-1.1375048454966672,50,0.7884280517912415,1.2065912167508537,1.4558623643403048,0.595306027507717,-0.006659055664032,0.4325464397041392,5.405361229311857,22.346314057012272,2.0301734336865693,2.4830194126160503,6.165385403428156,0.1089937608529736,-1.075480669591625,1.7685952559521525,5.816158941964415,40.64927323044569,2.68385825552407,3.2239728261211047,24.35616040795185,22.982619689029026,0.1963729858398437,,,,,,,,,,,,,,,,,,,,,,,,,,,,,,
random_forest_target_next_high_intensity_20251124_012327,20251124_012327,random_forest,target_next_high_intensity,7,3,[7],"[1, 3, 7]",sequence_only,200,10.0,2.0,1.0,,random_forest,target_next_high_intensity,classification,1236,209,22,random,12.547064065933228,0.2306121119813307,50,,,,,,,,,,,,,,,,,,,,,0.386225938796997,0.95873786407767,0.9933333333333332,0.7487437185929648,0.8538681948424068,149.0,1036.0,1.0,50.0,0.9990356798457088,0.8389967637540453,14.271938283510128,0.5502392344497608,0.6875,0.11,0.1896551724137931,11.0,104.0,5.0,89.0,0.9541284403669724,0.7727522935779817,0.6885215375593028,0.5215311004784688,5.504587155963311,,,,,,
random_forest_target_high_count_next_7d_20251124_012337,20251124_012337,random_forest,target_high_count_next_7d,7,3,[7],"[1, 3, 7]",sequence_only,50,5.0,2.0,log2,15.0,random_forest,target_high_count_next_7d,regression,1236,209,22,random,9.904426097869871,-3.9218349074008976,50,0.5642436831182784,1.1273941944978283,1.2710176697874074,0.9657528137402488,0.0115217877428869,0.2417380952380949,11.214809523809524,182480037041.968,6.50343888170166,9.86672628604173,97.35228760366684,-0.0414206102339895,-3.745197246128143,3.417404761904762,33.025436507936504,885425864688.7964,7.236602096591878,10.525511766424993,10.13131860926146,6.258940135193251,0.0574328899383544,,,,,,,,,,,,,,,,,,,,,,,,,,,,,,
random_forest_target_time_to_high_days_20251124_012349,20251124_012349,random_forest,target_time_to_high_days,7,3,[7],"[1, 3, 7]",sequence_only,100,10.0,2.0,1.0,15.0,random_forest,target_time_to_high_days,regression,1236,209,22,random,11.255156993865969,-7.632695603625557,50,1.4352379665757935,4.860057459770113,23.620158512267125,0.8073973221416807,0.0236341656161093,0.183540836592023,62.1189848600456,59915067126.470924,9.015848007511387,16.472416446665683,271.34050359238205,-0.1075020053807813,2.97006903027122,6.302932238254085,116.16147497866012,360488908976.7777,7.779687117679656,15.843603227545067,-15.889596472620408,-3.9688775974103288,0.1652169227600097,,,,,,,,,,,,,,,,,,,,,,,,,,,,,,
xgboost_target_next_intensity_20251124_012353,20251124_012353,xgboost,target_next_intensity,7,3,[7],"[1, 3, 7]",sequence_only,100,,,,3.0,xgboost,target_next_intensity,regression,1236,209,22,random,4.481622934341431,-1.118621037423032,50,0.7695060201640268,1.1706019927330755,1.370309025390648,0.6190877540277264,0.0027340080552888,0.4324309825897217,4.746636867523193,21.68136150176136,2.015703532113984,2.469795515449814,6.099889888136011,0.1184590106213016,-1.1058229510293622,1.857552528381348,5.473052501678467,40.49885410049493,2.68385825552407,3.2239728261211047,24.895305928875068,23.39279365386813,0.0791420936584472,,,,,,,,,,,,,,,,,,,,,,,,,0.8,3.0,0.05,0.8,,
xgboost_target_next_high_intensity_20251124_012355,20251124_012355,xgboost,target_next_high_intensity,7,3,[7],"[1, 3, 7]",sequence_only,100,,,,10.0,xgboost,target_next_high_intensity,classification,1236,209,22,random,1.834384202957153,0.3610752919263557,50,,,,,,,,,,,,,,,,,,,,,0.2922861576080322,0.9182847896440128,0.8888888888888888,0.5628140703517588,0.6892307692307692,112.0,1023.0,14.0,87.0,0.9864995178399228,0.8389967637540453,9.450337512054002,0.6267942583732058,0.8055555555555556,0.29,0.4264705882352941,29.0,102.0,7.0,71.0,0.9357798165137616,0.8070642201834862,0.7703345392421613,0.5215311004784688,20.183486238532133,0.6,5.0,0.05,1.0,,
xgboost_target_high_count_next_7d_20251124_012359,20251124_012359,xgboost,target_high_count_next_7d,7,3,[7],"[1, 3, 7]",sequence_only,300,,,,3.0,xgboost,target_high_count_next_7d,regression,1236,209,22,random,3.185530662536621,-4.169076955807169,50,0.4368833201629574,0.6411781922419383,0.41110947420664,0.9889227796977376,-0.0035982606553888,0.2759249657392502,4.347387313842773,140781170715.11237,6.658774947203946,10.029979237566607,100.60048350601726,-0.0761680028433633,-4.690047524156467,3.047560930252075,31.907655715942383,724519039568.6908,7.236602096591878,10.525511766424993,7.984785423811869,4.707918625287824,0.2461707592010498,,,,,,,,,,,,,,,,,,,,,,,,,0.6,1.0,0.1,0.6,,
xgboost_target_time_to_high_days_20251124_012403,20251124_012403,xgboost,target_time_to_high_days,7,3,[7],"[1, 3, 7]",sequence_only,200,,,,7.0,xgboost,target_time_to_high_days,regression,1236,209,22,random,3.5539886951446533,-7.144009281848027,50,1.739397888564924,3.020336139742243,9.122430397033074,0.9256141942429302,-0.0512369714044986,1.162096083018629,43.77545758581128,60550566150.38867,6.940149553121214,15.72355904881708,247.23030916163748,-0.0090939596646022,0.7289746600284928,4.1616954687726055,119.41360724893808,317366205743.99884,7.779687117679656,15.843603227545067,10.791405256524513,0.7576823087773558,0.3364338874816894,,,,,,,,,,,,,,,,,,,,,,,,,1.0,3.0,0.01,1.0,,
lightgbm_target_next_intensity_20251124_012524,20251124_012524,lightgbm,target_next_intensity,7,3,[7],"[1, 3, 7]",sequence_only,50,,,,3.0,lightgbm,target_next_intensity,regression,1236,209,22,random,80.7552170753479,-1.118148189728787,50,0.7830372789494153,1.19990503881355,1.4397721021701466,0.5997787251167621,2.048084851659589e-10,0.4184569260040844,5.602659467101428,22.178842910421046,2.05298436045494,2.4968773263622417,6.234396382901856,0.099020464901917,-1.0841724997167286,1.9165844566550003,5.780595593927469,41.27881512237487,2.68385825552407,3.2239728261211047,23.506230024280526,22.552780031761674,0.0426909923553466,,,,,,,,,,,,,,,,,,,,,,,,,0.8,,0.1,0.8,127.0,20.0
lightgbm_target_next_high_intensity_20251124_012636,20251124_012636,lightgbm,target_next_high_intensity,7,3,[7],"[1, 3, 7]",sequence_only,50,,,,3.0,lightgbm,target_next_high_intensity,classification,1236,209,22,random,71.90085291862488,0.2892151502162069,50,,,,,,,,,,,,,,,,,,,,,0.0753908157348632,0.9433656957928802,0.9448275862068966,0.6884422110552764,0.7965116279069767,137.0,1029.0,8.0,62.0,0.9922854387656702,0.8389967637540453,12.439729990356794,0.6698564593301436,0.8444444444444444,0.38,0.5241379310344828,38.0,102.0,7.0,62.0,0.9357798165137616,0.7554128440366973,0.7210329747744509,0.5215311004784688,28.440366972477086,1.0,,0.2,0.8,127.0,5.0
lightgbm_target_high_count_next_7d_20251124_012759,20251124_012759,lightgbm,target_high_count_next_7d,7,3,[7],"[1, 3, 7]",sequence_only,300,,,,10.0,lightgbm,target_high_count_next_7d,regression,1236,209,22,random,82.32753205299377,-4.204403725294578,50,0.0573109919468634,0.089141310457256,0.0079461732300368,0.9997858927683462,-3.744602434674302e-12,0.0381034044945918,0.6890760867774187,23978496856.465645,6.428999622337063,9.676215631870091,93.62914895444712,-0.0015925443559554,-4.284530759350557,3.5120384491277488,31.47481571700846,704985761476.4197,7.236602096591878,10.525511766424993,11.1599679445573,8.068929600782406,1.048506259918213,,,,,,,,,,,,,,,,,,,,,,,,,0.8,,0.2,0.6,127.0,20.0
lightgbm_target_time_to_high_days_20251124_012920,20251124_012920,lightgbm,target_time_to_high_days,7,3,[7],"[1, 3, 7]",sequence_only,100,,,,7.0,lightgbm,target_time_to_high_days,regression,1236,209,22,random,80.12233209609985,-7.385131802833023,50,0.2029122938076507,0.3578683997082737,0.1280697915097607,0.998955697745012,1.532685196163264e-08,0.1133596852361904,4.268059154353736,5393432262.355453,8.025129543737537,18.561651084053555,344.53489096614646,-0.4062518408304774,1.0000812129754388,3.8206879768448654,123.01708620340158,242625381322.06625,7.779687117679656,15.843603227545067,-3.1549138460864614,-17.155490562796956,0.3325610160827636,,,,,,,,,,,,,,,,,,,,,,,,,0.6,,0.2,1.0,63.0,5.0
random_forest_target_next_intensity_20251124_012933,20251124_012933,random_forest,target_next_intensity,7,3,[7],"[1, 3, 7]",time_window_only,100,5.0,4.0,0.5,5.0,random_forest,target_next_intensity,regression,1236,209,27,random,10.998786926269531,-1.3084976645364967,50,0.8240527157301648,1.2584139485088912,1.5836056658017386,0.559796527850356,-0.0056871509957643,0.5233968970475928,5.022613323675132,23.33465688348756,1.9910705303296272,2.4495583062868573,6.000335895898938,0.132846307182828,-1.1041667785782967,1.7342926955233646,5.563674880659556,39.253708259717854,2.68385825552407,3.2239728261211047,25.81312644840717,24.0205039434522,0.0779311656951904,,,,,,,,,,,,,,,,,,,,,,,,,,,,,,
random_forest_target_next_high_intensity_20251124_012945,20251124_012945,random_forest,target_next_high_intensity,7,3,[7],"[1, 3, 7]",time_window_only,300,2.0,4.0,1.0,5.0,random_forest,target_next_high_intensity,classification,1236,209,27,random,11.605122089385986,0.3455297788631122,50,,,,,,,,,,,,,,,,,,,,,0.3461380004882812,0.8956310679611651,0.8977272727272727,0.3969849246231156,0.5505226480836237,79.0,1028.0,9.0,120.0,0.991321118611379,0.8389967637540453,6.750241080038578,0.6028708133971292,0.6808510638297872,0.32,0.4353741496598639,32.0,94.0,15.0,68.0,0.8623853211009175,0.7356880733944954,0.6661180183532758,0.5215311004784688,15.59633027522938,,,,,,
random_forest_target_high_count_next_7d_20251124_012955,20251124_012955,random_forest,target_high_count_next_7d,7,3,[7],"[1, 3, 7]",time_window_only,50,5.0,2.0,log2,15.0,random_forest,target_high_count_next_7d,regression,1236,209,27,random,9.474523067474363,-3.840660844114282,50,0.4355304746536244,1.0386307066053702,1.0787537447035709,0.9709333069858528,0.0006686822374367,0.1172023809523813,11.748602397602395,134733923251.40308,5.959696216330187,9.353161822564235,87.48163607907317,0.0641701281778136,-3.880187470955413,2.6519847374847374,32.73057575757576,555579378155.82,7.236602096591878,10.525511766424993,17.645102815077507,11.138175224889288,0.0451078414916992,,,,,,,,,,,,,,,,,,,,,,,,,,,,,,
random_forest_target_time_to_high_days_20251124_013006,20251124_013006,random_forest,target_time_to_high_days,7,3,[7],"[1, 3, 7]",time_window_only,200,10.0,2.0,1.0,,random_forest,target_time_to_high_days,regression,1236,209,27,random,11.120914220809937,-8.143551669192753,50,1.2800889775112354,4.730562416726915,22.378220778549192,0.8175242877639959,0.0530936917932982,0.1074386809468066,59.37350404828796,55841212020.29362,8.49201250089136,16.141289463203822,260.5412255349348,-0.0634237275455833,2.938836446207058,4.926863052583137,113.85425629648134,390488933409.0559,7.779687117679656,15.843603227545067,-9.156221483418204,-1.8789048891429552,0.3788900375366211,,,,,,,,,,,,,,,,,,,,,,,,,,,,,,
xgboost_target_next_intensity_20251124_013012,20251124_013012,xgboost,target_next_intensity,7,3,[7],"[1, 3, 7]",time_window_only,100,,,,3.0,xgboost,target_next_intensity,regression,1236,209,27,random,5.154447078704834,-1.3403113507530062,50,0.8060947153174761,1.2170663363453524,1.4812504670650986,0.5882487586357419,-0.000139712322877,0.5148038864135742,5.053654193878174,22.634469560359737,2.016971918954804,2.4982224077042563,6.241115198355651,0.0980494783216328,-1.1276553897766406,1.7758066654205322,5.75392484664917,40.11671916904509,2.68385825552407,3.2239728261211047,24.848046099179903,22.511058794810896,0.1139850616455078,,,,,,,,,,,,,,,,,,,,,,,,,1.0,5.0,0.05,0.6,,
xgboost_target_next_high_intensity_20251124_013014,20251124_013014,xgboost,target_next_high_intensity,7,3,[7],"[1, 3, 7]",time_window_only,100,,,,7.0,xgboost,target_next_high_intensity,classification,1236,209,27,random,1.7859461307525637,0.3244141271800926,50,,,,,,,,,,,,,,,,,,,,,0.2110090255737304,0.9935275080906149,1.0,0.9597989949748744,0.9794871794871794,191.0,1037.0,0.0,8.0,1.0,0.8389967637540453,18.41851494696239,0.583732057416268,0.8095238095238095,0.17,0.2809917355371901,17.0,105.0,4.0,83.0,0.963302752293578,0.7115596330275229,0.6731908469409846,0.5215311004784688,11.926605504587178,0.6,3.0,0.2,1.0,,
xgboost_target_high_count_next_7d_20251124_013017,20251124_013017,xgboost,target_high_count_next_7d,7,3,[7],"[1, 3, 7]",time_window_only,100,,,,7.0,xgboost,target_high_count_next_7d,regression,1236,209,27,random,3.3804240226745605,-4.075666251963565,50,0.0631437936227752,0.1039763157799097,0.0108110742431635,0.9997086988780136,-0.0001134353581687,0.0303589552640914,0.5936511158943176,23234205095.60168,6.54900162544048,10.325383917137096,106.61355303627344,-0.1404924752694529,-4.022419010658869,2.883998394012451,34.36442303657532,557442785541.314,7.236602096591878,10.525511766424993,9.501703451060648,1.9013597982596624,0.219041109085083,,,,,,,,,,,,,,,,,,,,,,,,,0.8,1.0,0.1,0.8,,
xgboost_target_time_to_high_days_20251124_013022,20251124_013022,xgboost,target_time_to_high_days,7,3,[7],"[1, 3, 7]",time_window_only,300,,,,7.0,xgboost,target_time_to_high_days,regression,1236,209,27,random,3.689810037612915,-7.212043125605393,50,0.0022026727106169,0.003149652846545,9.920313053749236e-06,0.9999999191081272,-4.082841162550636e-06,0.0014741892987335,0.0157643086990013,50930245.26324818,12.182414901517904,19.134122821361306,366.11465614293934,-0.4943316995044606,6.6213762486724885,8.203596676136295,116.45974888966715,598802625008.876,7.779687117679656,15.843603227545067,-56.59260735348689,-20.768757880123296,0.7165601253509521,,,,,,,,,,,,,,,,,,,,,,,,,1.0,1.0,0.2,0.8,,
lightgbm_target_next_intensity_20251124_013143,20251124_013143,lightgbm,target_next_intensity,7,3,[7],"[1, 3, 7]",time_window_only,50,,,,3.0,lightgbm,target_next_intensity,regression,1236,209,27,random,81.06001472473145,-1.265528978057194,50,0.8127245755604536,1.237578294854207,1.5316000358942456,0.5742528153914956,-6.184231350674917e-10,0.4968831936312641,5.385348234491252,22.959168497615867,1.994736779661508,2.534083611417734,6.421579749655945,0.0719691880182848,-1.1066738012681798,1.6240855536056884,5.994516904381657,39.48032926510024,2.68385825552407,3.2239728261211047,25.676522761370613,21.39872920496681,0.0513563156127929,,,,,,,,,,,,,,,,,,,,,,,,,0.8,,0.1,0.8,127.0,20.0
lightgbm_target_next_high_intensity_20251124_015019,20251124_015019,lightgbm,target_next_high_intensity,7,3,[7],"[1, 3, 7]",time_window_only,50,,,,7.0,lightgbm,target_next_high_intensity,classification,1236,209,27,random,1115.8748960494995,0.3153056094232564,50,,,,,,,,,,,,,,,,,,,,,0.1952660083770752,0.9271844660194176,0.943089430894309,0.5829145728643216,0.7204968944099379,116.0,1030.0,7.0,83.0,0.9932497589199616,0.8389967637540453,10.511089681774353,0.5645933014354066,0.6666666666666666,0.18,0.2834645669291338,18.0,100.0,9.0,82.0,0.9174311926605504,0.7314220183486239,0.6685465737488165,0.5215311004784688,8.256880733944955,1.0,,0.05,0.8,15.0,5.0
lightgbm_target_high_count_next_7d_20251124_015157,20251124_015157,lightgbm,target_high_count_next_7d,7,3,[7],"[1, 3, 7]",time_window_only,300,,,,3.0,lightgbm,target_high_count_next_7d,regression,1236,209,27,random,97.61863112449646,-4.002914372344855,50,0.6365453232037129,1.118139488570594,1.250235915900909,0.966312771806193,1.6998182221726022e-10,0.2880414982596676,11.554338013192249,217154494615.2652,6.443036800076766,10.046250267277632,100.92714443277588,-0.0796624396979912,-4.537463955744157,2.685661539116394,32.70863064962651,531125583286.0759,7.236602096591878,10.525511766424993,10.965993237196868,4.553332035370883,0.5239779949188232,,,,,,,,,,,,,,,,,,,,,,,,,1.0,,0.05,0.6,63.0,20.0
lightgbm_target_time_to_high_days_20251124_015331,20251124_015331,lightgbm,target_time_to_high_days,7,3,[7],"[1, 3, 7]",time_window_only,50,,,,7.0,lightgbm,target_time_to_high_days,regression,1236,209,27,random,93.58013486862184,-7.758086643835469,50,1.8899730571356868,3.752444110950992,14.08083680581078,0.8851825285644608,1.6480174147319132e-08,1.036130561243505,41.03103427823453,75956048829.38148,6.871552142994121,15.61739264596743,243.9029530583176,0.0044869599115574,1.2828201826357553,4.021916290821785,113.41136617382402,241596001172.96057,7.779687117679656,15.843603227545067,11.673155500325477,1.4277723212883593,0.1057312488555908,,,,,,,,,,,,,,,,,,,,,,,,,1.0,,0.05,0.8,15.0,5.0
random_forest_target_next_intensity_20251124_015347,20251124_015347,random_forest,target_next_intensity,7,3,[7],"[1, 3, 7]",all,100,2.0,4.0,1.0,5.0,random_forest,target_next_intensity,regression,1236,209,34,random,13.5331711769104,-1.1642753154889145,50,0.772805832518864,1.1891451114415952,1.414066096065444,0.6069243633187202,-0.0060608623305291,0.4450785487310233,4.95296505006431,21.688504574814903,1.9897551831640587,2.445864549690618,5.982253395433292,0.1354595453958538,-1.0332889803527363,1.7948233428082077,5.651598943204534,39.767041235216695,2.68385825552407,3.2239728261211047,25.86213601002843,24.135075523160065,0.1711540222167968,,,,,,,,,,,,,,,,,,,,,,,,,,,,,,
random_forest_target_next_high_intensity_20251124_015359,20251124_015359,random_forest,target_next_high_intensity,7,3,[7],"[1, 3, 7]",all,50,5.0,4.0,1.0,,random_forest,target_next_high_intensity,classification,1236,209,34,random,11.991570949554443,0.333967654764115,50,,,,,,,,,,,,,,,,,,,,,0.0824699401855468,0.9579288025889968,0.9867549668874172,0.7487437185929648,0.8514285714285714,149.0,1035.0,2.0,50.0,0.9980713596914176,0.8389967637540453,14.175506268080998,0.583732057416268,0.696969696969697,0.23,0.3458646616541353,23.0,99.0,10.0,77.0,0.908256880733945,0.7155963302752294,0.645467213279737,0.5215311004784688,11.926605504587178,,,,,,
random_forest_target_high_count_next_7d_20251124_015408,20251124_015408,random_forest,target_high_count_next_7d,7,3,[7],"[1, 3, 7]",all,50,2.0,1.0,0.5,5.0,random_forest,target_high_count_next_7d,regression,1236,209,34,random,8.986053228378296,-3.9244493939505336,50,0.8431078675677833,1.4058999508573042,1.9765546718205704,0.9467423328506968,-0.0105028706314882,0.4087073870527808,12.402427417806642,273413713714.4536,5.864751067156133,9.476030088807308,89.79514624398142,0.0394214835693789,-3.463902027607985,2.932214568027119,32.57302962254341,525260555182.6921,7.236602096591878,10.525511766424993,18.957115661808,9.970837531771084,0.0459661483764648,,,,,,,,,,,,,,,,,,,,,,,,,,,,,,
random_forest_target_next_intensity_20251124_211739,20251124_211739,random_forest,target_next_intensity,7,3,[7],"[1, 3, 7]",sequence_only,100,2.0,4.0,1.0,5.0,random_forest,target_next_intensity,regression,1236,209,22,random,11.357335090637209,-1.1375048454966672,50,0.7884280517912415,1.2065912167508537,1.4558623643403048,0.595306027507717,-0.006659055664032,0.4325464397041392,5.405361229311857,22.346314057012272,2.0301734336865693,2.4830194126160503,6.165385403428155,0.1089937608529737,-1.0754806695916248,1.7685952559521518,5.816158941964414,40.64927323044569,2.68385825552407,3.2239728261211047,24.35616040795185,22.982619689029026,0.1001877784729003,,,,,,,,,,,,,,,,,,,,,,,,,,,,,,
random_forest_target_next_high_intensity_20251124_211749,20251124_211749,random_forest,target_next_high_intensity,7,3,[7],"[1, 3, 7]",sequence_only,200,10.0,2.0,1.0,,random_forest,target_next_high_intensity,classification,1236,209,22,random,10.08114504814148,0.2306121119813307,50,,,,,,,,,,,,,,,,,,,,,0.389070987701416,0.95873786407767,0.9933333333333332,0.7487437185929648,0.8538681948424068,149.0,1036.0,1.0,50.0,0.9990356798457088,0.8389967637540453,14.271938283510128,0.5502392344497608,0.6875,0.11,0.1896551724137931,11.0,104.0,5.0,89.0,0.9541284403669724,0.7727522935779817,0.6885215375593028,0.5215311004784688,5.504587155963311,,,,,,
random_forest_target_high_count_next_7d_20251124_211757,20251124_211757,random_forest,target_high_count_next_7d,7,3,[7],"[1, 3, 7]",sequence_only,50,5.0,2.0,log2,15.0,random_forest,target_high_count_next_7d,regression,1236,209,22,random,7.576174974441528,-3.9218349074008976,50,0.5642436831182784,1.1273941944978283,1.2710176697874072,0.9657528137402488,0.0115217877428869,0.2417380952380952,11.214809523809524,182480037041.968,6.50343888170166,9.86672628604173,97.35228760366684,-0.0414206102339893,-3.745197246128143,3.417404761904762,33.025436507936504,885425864688.7964,7.236602096591878,10.525511766424993,10.13131860926146,6.258940135193251,0.0460648536682128,,,,,,,,,,,,,,,,,,,,,,,,,,,,,,
random_forest_target_time_to_high_days_20251124_211806,20251124_211806,random_forest,target_time_to_high_days,7,3,[7],"[1, 3, 7]",sequence_only,100,10.0,2.0,1.0,15.0,random_forest,target_time_to_high_days,regression,1236,209,22,random,8.698539018630981,-7.632695603625557,50,1.4352379665757935,4.860057459770113,23.620158512267125,0.8073973221416807,0.0236341656161093,0.1835408365920248,62.1189848600456,59915067126.470924,9.015848007511387,16.472416446665683,271.34050359238205,-0.1075020053807813,2.970069030271219,6.302932238254083,116.16147497866012,360488908976.7778,7.779687117679656,15.843603227545067,-15.889596472620408,-3.9688775974103288,0.1366419792175293,,,,,,,,,,,,,,,,,,,,,,,,,,,,,,
xgboost_target_next_intensity_20251124_211809,20251124_211809,xgboost,target_next_intensity,7,3,[7],"[1, 3, 7]",sequence_only,100,,,,3.0,xgboost,target_next_intensity,regression,1236,209,22,random,2.409903287887573,-1.118621037423032,50,0.7695060201640268,1.1706019927330755,1.370309025390648,0.6190877540277264,0.0027340080552888,0.4324309825897217,4.746636867523193,21.68136150176136,2.015703532113984,2.469795515449814,6.099889888136011,0.1184590106213016,-1.1058229510293622,1.857552528381348,5.473052501678467,40.49885410049493,2.68385825552407,3.2239728261211047,24.895305928875068,23.39279365386813,0.1218008995056152,,,,,,,,,,,,,,,,,,,,,,,,,0.8,3.0,0.05,0.8,,
xgboost_target_next_high_intensity_20251124_211810,20251124_211810,xgboost,target_next_high_intensity,7,3,[7],"[1, 3, 7]",sequence_only,100,,,,10.0,xgboost,target_next_high_intensity,classification,1236,209,22,random,1.359827756881714,0.3610752919263557,50,,,,,,,,,,,,,,,,,,,,,0.1783351898193359,0.9182847896440128,0.8888888888888888,0.5628140703517588,0.6892307692307692,112.0,1023.0,14.0,87.0,0.9864995178399228,0.8389967637540453,9.450337512054002,0.6267942583732058,0.8055555555555556,0.29,0.4264705882352941,29.0,102.0,7.0,71.0,0.9357798165137616,0.8070642201834862,0.7703345392421613,0.5215311004784688,20.183486238532133,0.6,5.0,0.05,1.0,,
xgboost_target_high_count_next_7d_20251124_211813,20251124_211813,xgboost,target_high_count_next_7d,7,3,[7],"[1, 3, 7]",sequence_only,300,,,,3.0,xgboost,target_high_count_next_7d,regression,1236,209,22,random,2.4169840812683105,-4.169076955807169,50,0.4368833201629574,0.6411781922419383,0.41110947420664,0.9889227796977376,-0.0035982606553888,0.2759249657392502,4.347387313842773,140781170715.11237,6.658774947203946,10.029979237566607,100.60048350601726,-0.0761680028433633,-4.690047524156467,3.047560930252075,31.907655715942383,724519039568.6908,7.236602096591878,10.525511766424993,7.984785423811869,4.707918625287824,0.2151150703430175,,,,,,,,,,,,,,,,,,,,,,,,,0.6,1.0,0.1,0.6,,
xgboost_target_time_to_high_days_20251124_211816,20251124_211816,xgboost,target_time_to_high_days,7,3,[7],"[1, 3, 7]",sequence_only,200,,,,7.0,xgboost,target_time_to_high_days,regression,1236,209,22,random,2.340679883956909,-7.144009281848027,50,1.739397888564924,3.020336139742243,9.122430397033074,0.9256141942429302,-0.0512369714044986,1.162096083018629,43.77545758581128,60550566150.38867,6.940149553121214,15.72355904881708,247.23030916163748,-0.0090939596646022,0.7289746600284928,4.1616954687726055,119.41360724893808,317366205743.99884,7.779687117679656,15.843603227545067,10.791405256524513,0.7576823087773558,0.3144612312316894,,,,,,,,,,,,,,,,,,,,,,,,,1.0,3.0,0.01,1.0,,
lightgbm_target_next_intensity_20251124_211933,20251124_211933,lightgbm,target_next_intensity,7,3,[7],"[1, 3, 7]",sequence_only,50,,,,3.0,lightgbm,target_next_intensity,regression,1236,209,22,random,77.09208393096924,-1.118148189728787,50,0.7830372789494153,1.19990503881355,1.4397721021701466,0.5997787251167621,2.048084851659589e-10,0.4184569260040844,5.602659467101428,22.178842910421046,2.05298436045494,2.4968773263622417,6.234396382901856,0.099020464901917,-1.0841724997167286,1.9165844566550003,5.780595593927469,41.27881512237487,2.68385825552407,3.2239728261211047,23.506230024280526,22.552780031761674,0.0352070331573486,,,,,,,,,,,,,,,,,,,,,,,,,0.8,,0.1,0.8,127.0,20.0
lightgbm_target_next_high_intensity_20251124_212052,20251124_212052,lightgbm,target_next_high_intensity,7,3,[7],"[1, 3, 7]",sequence_only,50,,,,3.0,lightgbm,target_next_high_intensity,classification,1236,209,22,random,78.78720283508301,0.2892151502162069,50,,,,,,,,,,,,,,,,,,,,,0.0547747611999511,0.9433656957928802,0.9448275862068966,0.6884422110552764,0.7965116279069767,137.0,1029.0,8.0,62.0,0.9922854387656702,0.8389967637540453,12.439729990356794,0.6698564593301436,0.8444444444444444,0.38,0.5241379310344828,38.0,102.0,7.0,62.0,0.9357798165137616,0.7554128440366973,0.7210329747744509,0.5215311004784688,28.440366972477086,1.0,,0.2,0.8,127.0,5.0
lightgbm_target_high_count_next_7d_20251124_212206,20251124_212206,lightgbm,target_high_count_next_7d,7,3,[7],"[1, 3, 7]",sequence_only,300,,,,10.0,lightgbm,target_high_count_next_7d,regression,1236,209,22,random,73.1931209564209,-4.204403725294578,50,0.0573109919468634,0.089141310457256,0.0079461732300368,0.9997858927683462,-3.744602434674302e-12,0.0381034044945918,0.6890760867774187,23978496856.465645,6.428999622337063,9.676215631870091,93.62914895444712,-0.0015925443559554,-4.284530759350557,3.5120384491277488,31.47481571700846,704985761476.4197,7.236602096591878,10.525511766424993,11.1599679445573,8.068929600782406,0.7381439208984375,,,,,,,,,,,,,,,,,,,,,,,,,0.8,,0.2,0.6,127.0,20.0
lightgbm_target_time_to_high_days_20251124_212313,20251124_212313,lightgbm,target_time_to_high_days,7,3,[7],"[1, 3, 7]",sequence_only,100,,,,7.0,lightgbm,target_time_to_high_days,regression,1236,209,22,random,66.58646202087402,-7.385131802833023,50,0.2029122938076507,0.3578683997082737,0.1280697915097607,0.998955697745012,1.532685196163264e-08,0.1133596852361904,4.268059154353736,5393432262.355453,8.025129543737537,18.561651084053555,344.53489096614646,-0.4062518408304774,1.0000812129754388,3.8206879768448654,123.01708620340158,242625381322.06625,7.779687117679656,15.843603227545067,-3.1549138460864614,-17.155490562796956,0.2892379760742187,,,,,,,,,,,,,,,,,,,,,,,,,0.6,,0.2,1.0,63.0,5.0
random_forest_target_next_intensity_20251124_212324,20251124_212324,random_forest,target_next_intensity,7,3,[7],"[1, 3, 7]",time_window_only,100,5.0,4.0,0.5,5.0,random_forest,target_next_intensity,regression,1236,209,27,random,9.63866114616394,-1.3084976645364967,50,0.8240527157301646,1.2584139485088912,1.5836056658017383,0.559796527850356,-0.0056871509957644,0.5233968970475928,5.022613323675132,23.33465688348756,1.9910705303296272,2.4495583062868573,6.000335895898936,0.1328463071828282,-1.104166778578297,1.7342926955233633,5.563674880659556,39.253708259717854,2.68385825552407,3.2239728261211047,25.81312644840717,24.0205039434522,0.0760130882263183,,,,,,,,,,,,,,,,,,,,,,,,,,,,,,
random_forest_target_next_high_intensity_20251124_212334,20251124_212334,random_forest,target_next_high_intensity,7,3,[7],"[1, 3, 7]",time_window_only,300,2.0,4.0,1.0,5.0,random_forest,target_next_high_intensity,classification,1236,209,27,random,9.197198152542114,0.3455297788631122,50,,,,,,,,,,,,,,,,,,,,,0.3203320503234863,0.8956310679611651,0.8977272727272727,0.3969849246231156,0.5505226480836237,79.0,1028.0,9.0,120.0,0.991321118611379,0.8389967637540453,6.750241080038578,0.6028708133971292,0.6808510638297872,0.32,0.4353741496598639,32.0,94.0,15.0,68.0,0.8623853211009175,0.7356880733944954,0.6661180183532758,0.5215311004784688,15.59633027522938,,,,,,
random_forest_target_high_count_next_7d_20251124_212342,20251124_212342,random_forest,target_high_count_next_7d,7,3,[7],"[1, 3, 7]",time_window_only,50,5.0,2.0,log2,15.0,random_forest,target_high_count_next_7d,regression,1236,209,27,random,7.880343914031982,-3.840660844114282,50,0.4355304746536244,1.0386307066053702,1.0787537447035709,0.9709333069858528,0.0006686822374367,0.1172023809523813,11.748602397602395,134733923251.40308,5.959696216330187,9.353161822564235,87.48163607907317,0.0641701281778136,-3.880187470955413,2.6519847374847374,32.73057575757576,555579378155.82,7.236602096591878,10.525511766424993,17.645102815077507,11.138175224889288,0.0466480255126953,,,,,,,,,,,,,,,,,,,,,,,,,,,,,,
random_forest_target_time_to_high_days_20251124_212352,20251124_212352,random_forest,target_time_to_high_days,7,3,[7],"[1, 3, 7]",time_window_only,200,10.0,2.0,1.0,,random_forest,target_time_to_high_days,regression,1236,209,27,random,9.796348094940186,-8.143551669192753,50,1.2800889775112354,4.730562416726915,22.378220778549192,0.8175242877639959,0.0530936917932981,0.1074386809468066,59.37350404828796,55841212020.29362,8.49201250089136,16.141289463203822,260.5412255349348,-0.0634237275455833,2.938836446207058,4.926863052583136,113.85425629648134,390488933409.0559,7.779687117679656,15.843603227545067,-9.156221483418204,-1.8789048891429552,0.269481897354126,,,,,,,,,,,,,,,,,,,,,,,,,,,,,,
xgboost_target_next_intensity_20251124_212355,20251124_212355,xgboost,target_next_intensity,7,3,[7],"[1, 3, 7]",time_window_only,100,,,,3.0,xgboost,target_next_intensity,regression,1236,209,27,random,2.665696144104004,-1.3403113507530062,50,0.8060947153174761,1.2170663363453524,1.4812504670650986,0.5882487586357419,-0.000139712322877,0.5148038864135742,5.053654193878174,22.634469560359737,2.016971918954804,2.4982224077042563,6.241115198355651,0.0980494783216328,-1.1276553897766406,1.7758066654205322,5.75392484664917,40.11671916904509,2.68385825552407,3.2239728261211047,24.848046099179903,22.511058794810896,0.06060791015625,,,,,,,,,,,,,,,,,,,,,,,,,1.0,5.0,0.05,0.6,,
xgboost_target_next_high_intensity_20251124_212356,20251124_212356,xgboost,target_next_high_intensity,7,3,[7],"[1, 3, 7]",time_window_only,100,,,,7.0,xgboost,target_next_high_intensity,classification,1236,209,27,random,1.418609857559204,0.3244141271800926,50,,,,,,,,,,,,,,,,,,,,,0.1400198936462402,0.9935275080906149,1.0,0.9597989949748744,0.9794871794871794,191.0,1037.0,0.0,8.0,1.0,0.8389967637540453,18.41851494696239,0.583732057416268,0.8095238095238095,0.17,0.2809917355371901,17.0,105.0,4.0,83.0,0.963302752293578,0.7115596330275229,0.6731908469409846,0.5215311004784688,11.926605504587178,0.6,3.0,0.2,1.0,,
xgboost_target_high_count_next_7d_20251124_212359,20251124_212359,xgboost,target_high_count_next_7d,7,3,[7],"[1, 3, 7]",time_window_only,100,,,,7.0,xgboost,target_high_count_next_7d,regression,1236,209,27,random,2.5737509727478027,-4.075666251963565,50,0.0631437936227752,0.1039763157799097,0.0108110742431635,0.9997086988780136,-0.0001134353581687,0.0303589552640914,0.5936511158943176,23234205095.60168,6.54900162544048,10.325383917137096,106.61355303627344,-0.1404924752694529,-4.022419010658869,2.883998394012451,34.36442303657532,557442785541.314,7.236602096591878,10.525511766424993,9.501703451060648,1.9013597982596624,0.2048971652984619,,,,,,,,,,,,,,,,,,,,,,,,,0.8,1.0,0.1,0.8,,
xgboost_target_time_to_high_days_20251124_212402,20251124_212402,xgboost,target_time_to_high_days,7,3,[7],"[1, 3, 7]",time_window_only,300,,,,7.0,xgboost,target_time_to_high_days,regression,1236,209,27,random,2.67889404296875,-7.212043125605393,50,0.0022026727106169,0.003149652846545,9.920313053749236e-06,0.9999999191081272,-4.082841162550636e-06,0.0014741892987335,0.0157643086990013,50930245.26324818,12.182414901517904,19.134122821361306,366.11465614293934,-0.4943316995044606,6.6213762486724885,8.203596676136295,116.45974888966715,598802625008.876,7.779687117679656,15.843603227545067,-56.59260735348689,-20.768757880123296,0.4833559989929199,,,,,,,,,,,,,,,,,,,,,,,,,1.0,1.0,0.2,0.8,,
lightgbm_target_next_intensity_20251124_212515,20251124_212515,lightgbm,target_next_intensity,7,3,[7],"[1, 3, 7]",time_window_only,50,,,,3.0,lightgbm,target_next_intensity,regression,1236,209,27,random,72.55125403404236,-1.265528978057194,50,0.8127245755604536,1.237578294854207,1.5316000358942456,0.5742528153914956,-6.184231350674917e-10,0.4968831936312641,5.385348234491252,22.959168497615867,1.994736779661508,2.534083611417734,6.421579749655945,0.0719691880182848,-1.1066738012681798,1.6240855536056884,5.994516904381657,39.48032926510024,2.68385825552407,3.2239728261211047,25.676522761370613,21.39872920496681,0.0383539199829101,,,,,,,,,,,,,,,,,,,,,,,,,0.8,,0.1,0.8,127.0,20.0
lightgbm_target_next_high_intensity_20251124_212631,20251124_212631,lightgbm,target_next_high_intensity,7,3,[7],"[1, 3, 7]",time_window_only,50,,,,7.0,lightgbm,target_next_high_intensity,classification,1236,209,27,random,76.38679218292236,0.3153056094232564,50,,,,,,,,,,,,,,,,,,,,,0.0800740718841552,0.9271844660194176,0.943089430894309,0.5829145728643216,0.7204968944099379,116.0,1030.0,7.0,83.0,0.9932497589199616,0.8389967637540453,10.511089681774353,0.5645933014354066,0.6666666666666666,0.18,0.2834645669291338,18.0,100.0,9.0,82.0,0.9174311926605504,0.7314220183486239,0.6685465737488165,0.5215311004784688,8.256880733944955,1.0,,0.05,0.8,15.0,5.0
lightgbm_target_high_count_next_7d_20251124_212758,20251124_212758,lightgbm,target_high_count_next_7d,7,3,[7],"[1, 3, 7]",time_window_only,300,,,,3.0,lightgbm,target_high_count_next_7d,regression,1236,209,27,random,85.78791403770447,-4.002914372344855,50,0.6365453232037129,1.118139488570594,1.250235915900909,0.966312771806193,1.6998182221726022e-10,0.2880414982596676,11.554338013192249,217154494615.2652,6.443036800076766,10.046250267277632,100.92714443277588,-0.0796624396979912,-4.537463955744157,2.685661539116394,32.70863064962651,531125583286.0759,7.236602096591878,10.525511766424993,10.965993237196868,4.553332035370883,0.3183028697967529,,,,,,,,,,,,,,,,,,,,,,,,,1.0,,0.05,0.6,63.0,20.0
lightgbm_target_time_to_high_days_20251124_212920,20251124_212920,lightgbm,target_time_to_high_days,7,3,[7],"[1, 3, 7]",time_window_only,50,,,,7.0,lightgbm,target_time_to_high_days,regression,1236,209,27,random,82.66232085227966,-7.758086643835469,50,1.8899730571356868,3.752444110950992,14.08083680581078,0.8851825285644608,1.6480174147319132e-08,1.036130561243505,41.03103427823453,75956048829.38148,6.871552142994121,15.61739264596743,243.9029530583176,0.0044869599115574,1.2828201826357553,4.021916290821785,113.41136617382402,241596001172.96057,7.779687117679656,15.843603227545067,11.673155500325477,1.4277723212883593,0.0860660076141357,,,,,,,,,,,,,,,,,,,,,,,,,1.0,,0.05,0.8,15.0,5.0
random_forest_target_next_intensity_20251124_212933,20251124_212933,random_forest,target_next_intensity,7,3,[7],"[1, 3, 7]",all,100,2.0,4.0,1.0,5.0,random_forest,target_next_intensity,regression,1236,209,34,random,10.275267124176024,-1.1642753154889145,50,0.7728058325188638,1.1891451114415952,1.414066096065444,0.6069243633187202,-0.0060608623305292,0.4450785487310238,4.95296505006431,21.6885045748149,1.9897551831640587,2.445864549690618,5.982253395433291,0.1354595453958539,-1.0332889803527368,1.7948233428082077,5.651598943204536,39.767041235216695,2.68385825552407,3.2239728261211047,25.86213601002843,24.135075523160065,0.1120388507843017,,,,,,,,,,,,,,,,,,,,,,,,,,,,,,
random_forest_target_next_high_intensity_20251124_212945,20251124_212945,random_forest,target_next_high_intensity,7,3,[7],"[1, 3, 7]",all,50,5.0,4.0,1.0,,random_forest,target_next_high_intensity,classification,1236,209,34,random,12.4654221534729,0.333967654764115,50,,,,,,,,,,,,,,,,,,,,,0.0878980159759521,0.9579288025889968,0.9867549668874172,0.7487437185929648,0.8514285714285714,149.0,1035.0,2.0,50.0,0.9980713596914176,0.8389967637540453,14.175506268080998,0.583732057416268,0.696969696969697,0.23,0.3458646616541353,23.0,99.0,10.0,77.0,0.908256880733945,0.7155963302752294,0.645467213279737,0.5215311004784688,11.926605504587178,,,,,,
random_forest_target_high_count_next_7d_20251124_212956,20251124_212956,random_forest,target_high_count_next_7d,7,3,[7],"[1, 3, 7]",all,50,2.0,1.0,0.5,5.0,random_forest,target_high_count_next_7d,regression,1236,209,34,random,10.55839729309082,-3.9244493939505336,50,0.8431078675677831,1.4058999508573042,1.9765546718205704,0.9467423328506968,-0.0105028706314882,0.4087073870527808,12.402427417806642,273413713714.4536,5.864751067156133,9.476030088807308,89.79514624398142,0.0394214835693789,-3.463902027607985,2.932214568027119,32.57302962254341,525260555182.6921,7.236602096591878,10.525511766424993,18.957115661808,9.970837531771084,0.0462589263916015,,,,,,,,,,,,,,,,,,,,,,,,,,,,,,
random_forest_target_time_to_high_days_20251124_213011,20251124_213011,random_forest,target_time_to_high_days,7,3,[7],"[1, 3, 7]",all,200,2.0,1.0,1.0,,random_forest,target_time_to_high_days,regression,1236,209,34,random,14.379656076431274,-8.015144367944414,50,0.6784778528054025,2.1531442253028463,4.636030054954995,0.962197044412202,0.0175364732390605,0.0396391876602146,26.675893639908708,34424591018.53537,10.322949851357611,17.04044913002751,290.37690655305533,-0.1852008899006307,4.809501017618745,8.816869309289599,112.81546459403236,492342357711.5162,7.779687117679656,15.843603227545067,-32.69106707258559,-7.554126957696433,0.5649559497833252,,,,,,,,,,,,,,,,,,,,,,,,,,,,,,
xgboost_target_next_intensity_20251124_213016,20251124_213016,xgboost,target_next_intensity,7,3,[7],"[1, 3, 7]",all,300,,,,3.0,xgboost,target_next_intensity,regression,1236,209,34,random,4.846466064453125,-1.1695963126941793,50,0.8427873483367723,1.2478839385809568,1.5572143241683212,0.5671326724933067,-0.0005538768367088,0.5323143005371094,5.441277980804443,23.78299856561664,1.9672648302105624,2.4296491386653023,5.903194937017045,0.146884878136132,-1.0392575902801953,1.8606748580932613,5.706289768218994,39.44968340438314,2.68385825552407,3.2239728261211047,26.700121880079703,24.63803916149896,0.2273416519165039,,,,,,,,,,,,,,,,,,,,,,,,,1.0,3.0,0.01,0.8,,
xgboost_target_next_high_intensity_20251124_213021,20251124_213021,xgboost,target_next_high_intensity,7,3,[7],"[1, 3, 7]",all,50,,,,3.0,xgboost,target_next_high_intensity,classification,1236,209,34,random,4.093950986862183,0.3786737762921843,50,,,,,,,,,,,,,,,,,,,,,0.0771529674530029,0.9053398058252428,0.8596491228070176,0.4924623115577889,0.6261980830670927,98.0,1021.0,16.0,101.0,0.9845708775313404,0.8389967637540453,7.907425265188047,0.5789473684210527,0.75,0.18,0.2903225806451613,18.0,103.0,6.0,82.0,0.944954128440367,0.7901834862385321,0.7514935153523938,0.5215311004784688,11.00917431192662,1.0,3.0,0.1,1.0,,
xgboost_target_high_count_next_7d_20251124_213026,20251124_213026,xgboost,target_high_count_next_7d,7,3,[7],"[1, 3, 7]",all,300,,,,10.0,xgboost,target_high_count_next_7d,regression,1236,209,34,random,4.585103273391724,-4.033395547198423,50,0.0783339897520568,0.2072007870463214,0.042932166152615,0.99884320578249,0.0009279509075833,0.0350071769207716,4.141749382019043,25372157594.28324,5.99323118000367,9.289381435252222,86.29260744960862,0.0768896949323602,-3.711525980543577,2.746673583984375,30.53194808959961,543949857603.6843,7.236602096591878,10.525511766424993,17.181695220934984,11.744135188902307,0.7071430683135986,,,,,,,,,,,,,,,,,,,,,,,,,0.6,5.0,0.05,0.8,,
xgboost_target_time_to_high_days_20251124_213030,20251124_213030,xgboost,target_time_to_high_days,7,3,[7],"[1, 3, 7]",all,300,,,,7.0,xgboost,target_time_to_high_days,regression,1236,209,34,random,3.6874301433563232,-7.309250074435293,50,0.0011545298734075,0.0016861054594371,2.842951620343604e-06,0.9999999768181024,2.7814360253867973e-08,0.0007531657028253,0.0107043313635699,18029516.12424346,10.979294606195072,18.0143505556383,324.5168259414259,-0.3245462094735547,5.672871323274465,7.305282104362205,118.01697624651192,530754475072.0299,7.779687117679656,15.843603227545067,-41.12771426557988,-13.701096252645703,0.6371419429779053,,,,,,,,,,,,,,,,,,,,,,,,,1.0,1.0,0.2,0.8,,
lightgbm_target_next_intensity_20251124_213146,20251124_213146,lightgbm,target_next_intensity,7,3,[7],"[1, 3, 7]",all,50,,,,3.0,lightgbm,target_next_intensity,regression,1236,209,34,random,75.27322101593018,-1.1224044440765022,50,0.7830480112254078,1.1925373240942745,1.4221452693579328,0.6046785516168205,-2.613041721151809e-10,0.4584667311868773,5.53631721036311,21.98655791545725,2.0055661235880664,2.4831272164864324,6.1659207732556585,0.1089163905305458,-1.0890761052687623,1.7612835732950174,6.194408277749012,40.070692211561685,2.68385825552407,3.2239728261211047,25.27302366061636,22.97927586833957,0.0427701473236084,,,,,,,,,,,,,,,,,,,,,,,,,0.8,,0.1,0.8,127.0,20.0
lightgbm_target_next_high_intensity_20251124_213304,20251124_213304,lightgbm,target_next_high_intensity,7,3,[7],"[1, 3, 7]",all,50,,,,10.0,lightgbm,target_next_high_intensity,classification,1236,209,34,random,78.23685693740845,0.3511530574042099,50,,,,,,,,,,,,,,,,,,,,,0.2002849578857422,1.0,1.0,1.0,1.0,199.0,1037.0,0.0,0.0,1.0,0.8389967637540453,19.189971070395373,0.5980861244019139,0.7352941176470589,0.25,0.373134328358209,25.0,100.0,9.0,75.0,0.9174311926605504,0.7338532110091742,0.693655204577988,0.5215311004784688,14.678899082568822,0.6,,0.1,1.0,63.0,20.0
lightgbm_target_high_count_next_7d_20251124_213415,20251124_213415,lightgbm,target_high_count_next_7d,7,3,[7],"[1, 3, 7]",all,50,,,,5.0,lightgbm,target_high_count_next_7d,regression,1236,209,34,random,71.19626379013062,-3.760270577564101,50,0.552041147711557,1.0507647743387707,1.1041066109912077,0.9702501816803512,1.1196125939342104e-10,0.2265183712250538,11.777481369327482,173532910893.68738,6.193423919331385,9.80239197399782,96.08688841189684,-0.027884073693136,-4.277844571215233,2.712220871842383,31.8722035645664,444056545711.7272,7.236602096591878,10.525511766424993,14.415303803311003,6.870162786134835,0.0905351638793945,,,,,,,,,,,,,,,,,,,,,,,,,1.0,,0.1,0.6,31.0,20.0
lightgbm_target_time_to_high_days_20251124_213536,20251124_213536,lightgbm,target_time_to_high_days,7,3,[7],"[1, 3, 7]",all,300,,,,10.0,lightgbm,target_time_to_high_days,regression,1236,209,34,random,80.1891508102417,-7.77051372509835,50,0.3853323922149933,0.7013721798828773,0.4919229347136591,0.9959887790559676,1.5253224406662837e-08,0.2288098902969353,9.76183411092179,15213594857.320065,8.465643203315857,16.438667553022288,270.2297909187877,-0.1029685262388118,2.59542803770906,5.66931252909957,116.0655073176313,259338094323.5116,7.779687117679656,15.843603227545067,-8.817270865268313,-3.755864855556756,0.6839821338653564,,,,,,,,,,,,,,,,,,,,,,,,,0.8,,0.05,1.0,15.0,5.0
random_forest_target_next_intensity_20251124_213546,20251124_213546,random_forest,target_next_intensity,7,3,"[3, 7, 14]","[1, 3, 7]",sequence_only,100,2.0,4.0,1.0,5.0,random_forest,target_next_intensity,regression,1236,209,22,random,8.420789003372192,-1.1375048454966674,50,0.7884280517912415,1.2065912167508537,1.4558623643403048,0.595306027507717,-0.006659055664032,0.4325464397041396,5.405361229311857,22.346314057012265,2.030173433686569,2.4830194126160503,6.165385403428155,0.1089937608529737,-1.075480669591625,1.7685952559521532,5.816158941964415,40.64927323044569,2.68385825552407,3.2239728261211047,24.356160407951872,22.982619689029026,0.1125209331512451,,,,,,,,,,,,,,,,,,,,,,,,,,,,,,
random_forest_target_next_high_intensity_20251124_213557,20251124_213557,random_forest,target_next_high_intensity,7,3,"[3, 7, 14]","[1, 3, 7]",sequence_only,200,10.0,2.0,1.0,,random_forest,target_next_high_intensity,classification,1236,209,22,random,10.568336009979248,0.2306121119813307,50,,,,,,,,,,,,,,,,,,,,,0.298408031463623,0.95873786407767,0.9933333333333332,0.7487437185929648,0.8538681948424068,149.0,1036.0,1.0,50.0,0.9990356798457088,0.8389967637540453,14.271938283510128,0.5502392344497608,0.6875,0.11,0.1896551724137931,11.0,104.0,5.0,89.0,0.9541284403669724,0.7727522935779817,0.6885215375593028,0.5215311004784688,5.504587155963311,,,,,,
random_forest_target_high_count_next_7d_20251124_213605,20251124_213605,random_forest,target_high_count_next_7d,7,3,"[3, 7, 14]","[1, 3, 7]",sequence_only,50,5.0,2.0,log2,15.0,random_forest,target_high_count_next_7d,regression,1236,209,22,random,7.883070945739746,-3.9218349074008976,50,0.5642436831182784,1.1273941944978283,1.2710176697874072,0.9657528137402488,0.011521787742887,0.241738095238095,11.214809523809524,182480037041.968,6.50343888170166,9.86672628604173,97.35228760366684,-0.0414206102339893,-3.745197246128143,3.417404761904762,33.025436507936504,885425864688.7964,7.236602096591878,10.525511766424993,10.13131860926146,6.258940135193251,0.0465090274810791,,,,,,,,,,,,,,,,,,,,,,,,,,,,,,
random_forest_target_time_to_high_days_20251124_213614,20251124_213614,random_forest,target_time_to_high_days,7,3,"[3, 7, 14]","[1, 3, 7]",sequence_only,100,10.0,2.0,1.0,15.0,random_forest,target_time_to_high_days,regression,1236,209,22,random,8.326321125030518,-7.632695603625557,50,1.4352379665757935,4.860057459770113,23.620158512267125,0.8073973221416807,0.0236341656161092,0.183540836592023,62.1189848600456,59915067126.470924,9.015848007511387,16.472416446665683,271.34050359238205,-0.1075020053807813,2.97006903027122,6.302932238254085,116.16147497866012,360488908976.7778,7.779687117679656,15.843603227545067,-15.889596472620408,-3.9688775974103288,0.133279800415039,,,,,,,,,,,,,,,,,,,,,,,,,,,,,,
xgboost_target_next_intensity_20251124_213616,20251124_213616,xgboost,target_next_intensity,7,3,"[3, 7, 14]","[1, 3, 7]",sequence_only,100,,,,3.0,xgboost,target_next_intensity,regression,1236,209,22,random,2.228621006011963,-1.118621037423032,50,0.7695060201640268,1.1706019927330755,1.370309025390648,0.6190877540277264,0.0027340080552888,0.4324309825897217,4.746636867523193,21.68136150176136,2.015703532113984,2.469795515449814,6.099889888136011,0.1184590106213016,-1.1058229510293622,1.857552528381348,5.473052501678467,40.49885410049493,2.68385825552407,3.2239728261211047,24.895305928875068,23.39279365386813,0.1134638786315918,,,,,,,,,,,,,,,,,,,,,,,,,0.8,3.0,0.05,0.8,,
xgboost_target_next_high_intensity_20251124_213618,20251124_213618,xgboost,target_next_high_intensity,7,3,"[3, 7, 14]","[1, 3, 7]",sequence_only,100,,,,10.0,xgboost,target_next_high_intensity,classification,1236,209,22,random,1.3289918899536133,0.3610752919263557,50,,,,,,,,,,,,,,,,,,,,,0.1725151538848877,0.9182847896440128,0.8888888888888888,0.5628140703517588,0.6892307692307692,112.0,1023.0,14.0,87.0,0.9864995178399228,0.8389967637540453,9.450337512054002,0.6267942583732058,0.8055555555555556,0.29,0.4264705882352941,29.0,102.0,7.0,71.0,0.9357798165137616,0.8070642201834862,0.7703345392421613,0.5215311004784688,20.183486238532133,0.6,5.0,0.05,1.0,,
xgboost_target_high_count_next_7d_20251124_213620,20251124_213620,xgboost,target_high_count_next_7d,7,3,"[3, 7, 14]","[1, 3, 7]",sequence_only,300,,,,3.0,xgboost,target_high_count_next_7d,regression,1236,209,22,random,2.244499921798706,-4.169076955807169,50,0.4368833201629574,0.6411781922419383,0.41110947420664,0.9889227796977376,-0.0035982606553888,0.2759249657392502,4.347387313842773,140781170715.11237,6.658774947203946,10.029979237566607,100.60048350601726,-0.0761680028433633,-4.690047524156467,3.047560930252075,31.907655715942383,724519039568.6908,7.236602096591878,10.525511766424993,7.984785423811869,4.707918625287824,0.2076647281646728,,,,,,,,,,,,,,,,,,,,,,,,,0.6,1.0,0.1,0.6,,
xgboost_target_time_to_high_days_20251124_213623,20251124_213623,xgboost,target_time_to_high_days,7,3,"[3, 7, 14]","[1, 3, 7]",sequence_only,200,,,,7.0,xgboost,target_time_to_high_days,regression,1236,209,22,random,2.220824956893921,-7.144009281848027,50,1.739397888564924,3.020336139742243,9.122430397033074,0.9256141942429302,-0.0512369714044986,1.162096083018629,43.77545758581128,60550566150.38867,6.940149553121214,15.72355904881708,247.23030916163748,-0.0090939596646022,0.7289746600284928,4.1616954687726055,119.41360724893808,317366205743.99884,7.779687117679656,15.843603227545067,10.791405256524513,0.7576823087773558,0.338602066040039,,,,,,,,,,,,,,,,,,,,,,,,,1.0,3.0,0.01,1.0,,
lightgbm_target_next_intensity_20251124_213744,20251124_213744,lightgbm,target_next_intensity,7,3,"[3, 7, 14]","[1, 3, 7]",sequence_only,50,,,,3.0,lightgbm,target_next_intensity,regression,1236,209,22,random,81.63430905342102,-1.118148189728787,50,0.7830372789494153,1.19990503881355,1.4397721021701466,0.5997787251167621,2.048084851659589e-10,0.4184569260040844,5.602659467101428,22.178842910421046,2.05298436045494,2.4968773263622417,6.234396382901856,0.099020464901917,-1.0841724997167286,1.9165844566550003,5.780595593927469,41.27881512237487,2.68385825552407,3.2239728261211047,23.506230024280526,22.552780031761674,0.0414068698883056,,,,,,,,,,,,,,,,,,,,,,,,,0.8,,0.1,0.8,127.0,20.0
lightgbm_target_next_high_intensity_20251124_213858,20251124_213858,lightgbm,target_next_high_intensity,7,3,"[3, 7, 14]","[1, 3, 7]",sequence_only,50,,,,3.0,lightgbm,target_next_high_intensity,classification,1236,209,22,random,73.25159192085266,0.2892151502162069,50,,,,,,,,,,,,,,,,,,,,,0.0351638793945312,0.9433656957928802,0.9448275862068966,0.6884422110552764,0.7965116279069767,137.0,1029.0,8.0,62.0,0.9922854387656702,0.8389967637540453,12.439729990356794,0.6698564593301436,0.8444444444444444,0.38,0.5241379310344828,38.0,102.0,7.0,62.0,0.9357798165137616,0.7554128440366973,0.7210329747744509,0.5215311004784688,28.440366972477086,1.0,,0.2,0.8,127.0,5.0
lightgbm_target_high_count_next_7d_20251124_214010,20251124_214010,lightgbm,target_high_count_next_7d,7,3,"[3, 7, 14]","[1, 3, 7]",sequence_only,300,,,,10.0,lightgbm,target_high_count_next_7d,regression,1236,209,22,random,71.82862377166748,-4.204403725294578,50,0.0573109919468634,0.089141310457256,0.0079461732300368,0.9997858927683462,-3.744602434674302e-12,0.0381034044945918,0.6890760867774187,23978496856.465645,6.428999622337063,9.676215631870091,93.62914895444712,-0.0015925443559554,-4.284530759350557,3.5120384491277488,31.47481571700846,704985761476.4197,7.236602096591878,10.525511766424993,11.1599679445573,8.068929600782406,0.8278999328613281,,,,,,,,,,,,,,,,,,,,,,,,,0.8,,0.2,0.6,127.0,20.0
lightgbm_target_time_to_high_days_20251124_214118,20251124_214118,lightgbm,target_time_to_high_days,7,3,"[3, 7, 14]","[1, 3, 7]",sequence_only,100,,,,7.0,lightgbm,target_time_to_high_days,regression,1236,209,22,random,66.9168050289154,-7.385131802833023,50,0.2029122938076507,0.3578683997082737,0.1280697915097607,0.998955697745012,1.532685196163264e-08,0.1133596852361904,4.268059154353736,5393432262.355453,8.025129543737537,18.561651084053555,344.53489096614646,-0.4062518408304774,1.0000812129754388,3.8206879768448654,123.01708620340158,242625381322.06625,7.779687117679656,15.843603227545067,-3.1549138460864614,-17.155490562796956,0.2934930324554443,,,,,,,,,,,,,,,,,,,,,,,,,0.6,,0.2,1.0,63.0,5.0
random_forest_target_next_intensity_20251124_214135,20251124_214135,random_forest,target_next_intensity,7,3,"[3, 7, 14]","[1, 3, 7]",time_window_only,300,2.0,4.0,1.0,5.0,random_forest,target_next_intensity,regression,1236,209,45,random,13.701777935028076,-1.2338265924482976,50,0.7974802870242814,1.227384683384274,1.506473161006314,0.5812374693421604,-0.0043181712883513,0.4924278697825028,4.709709946935466,22.34495549148369,1.982668379088964,2.480840210612813,6.154568150593426,0.1105570434598998,-1.0981651602465394,1.7975486822388929,5.665779408459108,39.05346042073769,2.68385825552407,3.2239728261211047,26.12618885486509,23.050213372995,0.3755676746368408,,,,,,,,,,,,,,,,,,,,,,,,,,,,,,
random_forest_target_next_high_intensity_20251124_214149,20251124_214149,random_forest,target_next_high_intensity,7,3,"[3, 7, 14]","[1, 3, 7]",time_window_only,200,5.0,4.0,0.5,15.0,random_forest,target_next_high_intensity,classification,1236,209,45,random,13.210054874420166,0.3604618294883781,50,,,,,,,,,,,,,,,,,,,,,0.3257811069488525,0.9563106796116504,0.9865771812080536,0.7386934673366834,0.8448275862068966,147.0,1035.0,2.0,52.0,0.9980713596914176,0.8389967637540453,13.98264223722276,0.5789473684210527,0.6666666666666666,0.24,0.3529411764705882,24.0,97.0,12.0,76.0,0.8899082568807339,0.7240366972477064,0.6482554193327965,0.5215311004784688,11.00917431192662,,,,,,
random_forest_target_high_count_next_7d_20251124_214201,20251124_214201,random_forest,target_high_count_next_7d,7,3,"[3, 7, 14]","[1, 3, 7]",time_window_only,50,5.0,2.0,sqrt,20.0,random_forest,target_high_count_next_7d,regression,1236,209,45,random,11.959675788879396,-4.096353589892799,50,0.4636680123634006,1.200933703888316,1.4422417611349094,0.9611392324439988,0.0076518719636223,0.086547619047619,13.273515151515152,138246500634.39328,5.595428813298219,8.949859562223354,80.0999861835208,0.1431349119336528,-3.3847206109086208,2.7506349206349205,32.19232467532467,565449390119.3162,7.236602096591878,10.525511766424993,22.67878296177953,14.969839369024918,0.0429840087890625,,,,,,,,,,,,,,,,,,,,,,,,,,,,,,
random_forest_target_time_to_high_days_20251124_214216,20251124_214216,random_forest,target_time_to_high_days,7,3,"[3, 7, 14]","[1, 3, 7]",time_window_only,50,2.0,2.0,log2,15.0,random_forest,target_time_to_high_days,regression,1236,209,45,random,14.533900737762451,-8.207834825800747,50,1.110370941837106,3.261380829757346,10.636604916708713,0.9132673648563744,0.0353241492282799,0.1541112306291883,45.73997946003343,55264352580.820656,7.645094616013963,16.30765755148817,265.9396948166092,-0.0854580920296359,2.13712168849736,4.634081229634134,117.96273558963422,375130850560.1638,7.779687117679656,15.843603227545067,1.7300503173170876,-2.928969611763036,0.0485408306121826,,,,,,,,,,,,,,,,,,,,,,,,,,,,,,
xgboost_target_next_intensity_20251124_214223,20251124_214223,xgboost,target_next_intensity,7,3,"[3, 7, 14]","[1, 3, 7]",time_window_only,200,,,,7.0,xgboost,target_next_intensity,regression,1236,209,45,random,6.481129169464111,-1.255750138589865,50,0.5819257772663264,0.8368849861956396,0.7003764801196758,0.8053125440135762,-0.0066357599300088,0.3297038078308105,3.859023571014404,16.349431914074973,2.176440319946508,2.7647186783102606,7.643669370197635,-0.1046441792651311,-1.4217643635124682,1.824120044708252,6.720526933670044,39.36644069847826,2.68385825552407,3.2239728261211047,18.90628666894631,14.244975766851972,0.7596950531005859,,,,,,,,,,,,,,,,,,,,,,,,,1.0,3.0,0.01,1.0,,
xgboost_target_next_high_intensity_20251124_214226,20251124_214226,xgboost,target_next_high_intensity,7,3,"[3, 7, 14]","[1, 3, 7]",time_window_only,200,,,,5.0,xgboost,target_next_high_intensity,classification,1236,209,45,random,2.7959258556365967,0.3344777827536448,50,,,,,,,,,,,,,,,,,,,,,0.2985761165618896,0.9854368932038836,0.983957219251337,0.9246231155778896,0.9533678756476685,184.0,1034.0,3.0,15.0,0.9971070395371264,0.8389967637540453,17.454194792671167,0.5789473684210527,0.6875,0.22,0.3333333333333333,22.0,99.0,10.0,78.0,0.908256880733945,0.7103669724770643,0.6805269331113134,0.5215311004784688,11.00917431192662,0.8,5.0,0.1,0.8,,
xgboost_target_high_count_next_7d_20251124_214232,20251124_214232,xgboost,target_high_count_next_7d,7,3,"[3, 7, 14]","[1, 3, 7]",time_window_only,300,,,,10.0,xgboost,target_high_count_next_7d,regression,1236,209,45,random,5.348309755325317,-4.093365957338286,50,0.0698323193629548,0.1592946602475754,0.0253747887833904,0.9993162839994884,0.0002232281169793,0.0304106548428535,2.3492488861083984,21799272825.422527,6.164531239629255,9.548451129690582,91.17291897608932,0.0246828374137076,-3.4360656015013467,2.3760576248168945,31.121658325195312,569428180508.9685,7.236602096591878,10.525511766424993,14.81456134595988,9.282785088427785,0.826085090637207,,,,,,,,,,,,,,,,,,,,,,,,,0.6,5.0,0.05,0.8,,
xgboost_target_time_to_high_days_20251124_214238,20251124_214238,xgboost,target_time_to_high_days,7,3,"[3, 7, 14]","[1, 3, 7]",time_window_only,300,,,,7.0,xgboost,target_time_to_high_days,regression,1236,209,45,random,5.423105716705322,-7.52902370330484,50,0.0011218147068897,0.0016255834121956,2.6425214300056062e-06,0.9999999784524434,7.311456949028456e-08,0.0007274412948717,0.007115408147154,27543626.279948123,7.950249629035091,16.736458938203675,280.10905779017776,-0.1432916911437933,2.187569668014786,5.212567794669822,121.08455772129297,298802480849.32874,7.779687117679656,15.843603227545067,-2.1924083677841555,-5.635433416473877,0.7026059627532959,,,,,,,,,,,,,,,,,,,,,,,,,1.0,1.0,0.2,0.8,,
lightgbm_target_next_intensity_20251124_214400,20251124_214400,lightgbm,target_next_intensity,7,3,"[3, 7, 14]","[1, 3, 7]",time_window_only,100,,,,10.0,lightgbm,target_next_intensity,regression,1236,209,45,random,80.88983345031738,-1.2140259800570836,50,0.4775367792869611,0.760854600750634,0.5788997234834068,0.8390800981538237,9.038457756420375e-11,0.234293064726625,4.369878060260977,13.424205059831682,2.0525779741312795,2.5785206261319327,6.6487686193878135,0.0391364148581026,-1.157774996951633,1.7894146495129035,6.086034465011726,40.60465108717547,2.68385825552407,3.2239728261211047,23.521371894117493,20.020398272579182,0.5834660530090332,,,,,,,,,,,,,,,,,,,,,,,,,0.8,,0.05,0.6,63.0,20.0
lightgbm_target_next_high_intensity_20251124_214522,20251124_214522,lightgbm,target_next_high_intensity,7,3,"[3, 7, 14]","[1, 3, 7]",time_window_only,50,,,,10.0,lightgbm,target_next_high_intensity,classification,1236,209,45,random,82.31382274627686,0.3489972691585594,50,,,,,,,,,,,,,,,,,,,,,0.2242689132690429,0.9951456310679612,0.9948717948717948,0.9748743718592964,0.9847715736040608,194.0,1036.0,1.0,5.0,0.9990356798457088,0.8389967637540453,18.611378977820635,0.5311004784688995,0.5357142857142857,0.15,0.234375,15.0,96.0,13.0,85.0,0.8807339449541285,0.6667889908256881,0.6104847797567449,0.5215311004784688,1.8348623853211108,0.6,,0.1,1.0,63.0,20.0
lightgbm_target_high_count_next_7d_20251124_214643,20251124_214643,lightgbm,target_high_count_next_7d,7,3,"[3, 7, 14]","[1, 3, 7]",time_window_only,300,,,,3.0,lightgbm,target_high_count_next_7d,regression,1236,209,45,random,79.71509099006653,-3.953031268734904,50,0.5865361227951147,1.0542330074302853,1.111407233955504,0.970053468605141,-7.958567282362148e-11,0.2840757999182784,12.165692464994894,202569702867.0641,6.522695958763563,10.257781718109236,105.22208577637606,-0.1256073326745257,-5.035653406763593,2.123335823560871,33.04248015240064,507055343350.0721,7.236602096591878,10.525511766424993,9.865211991751394,2.5436297470093647,0.2858180999755859,,,,,,,,,,,,,,,,,,,,,,,,,1.0,,0.05,0.6,63.0,20.0
lightgbm_target_time_to_high_days_20251124_214757,20251124_214757,lightgbm,target_time_to_high_days,7,3,"[3, 7, 14]","[1, 3, 7]",time_window_only,50,,,,3.0,lightgbm,target_time_to_high_days,regression,1236,209,45,random,74.56403136253357,-8.639390895686715,50,1.6094073719272235,3.3661025008841787,11.33064604645872,0.9076080387318592,1.2964667567481041e-08,0.642025186583678,39.93398609131874,80404300955.14381,9.237944619098336,17.180636420933375,295.1742678283024,-0.2047817750339973,2.6992972456382707,5.804285922704646,118.0211228916049,283419009092.4953,7.779687117679656,15.843603227545067,-18.744423514214727,-8.438946457986239,0.0425207614898681,,,,,,,,,,,,,,,,,,,,,,,,,1.0,,0.2,0.8,127.0,5.0
random_forest_target_next_intensity_20251124_214818,20251124_214818,random_forest,target_next_intensity,7,3,"[3, 7, 14]","[1, 3, 7]",all,100,5.0,4.0,0.5,5.0,random_forest,target_next_intensity,regression,1236,209,52,random,16.626657009124756,-1.131453991103376,50,0.7880842599184408,1.2093427573476128,1.4625099047491268,0.5934581745779051,-0.0085011666607084,0.4706693351513045,4.891901649261226,22.113007484369337,1.955174308301327,2.407210811275672,5.79466388992248,0.1625695164474123,-0.9910352382373516,1.820929878487723,5.697997227432782,39.43895648334232,2.68385825552407,3.2239728261211047,27.150612209975105,25.33402292438404,0.2577171325683594,,,,,,,,,,,,,,,,,,,,,,,,,,,,,,
random_forest_target_next_high_intensity_20251124_214833,20251124_214833,random_forest,target_next_high_intensity,7,3,"[3, 7, 14]","[1, 3, 7]",all,300,10.0,4.0,sqrt,15.0,random_forest,target_next_high_intensity,classification,1236,209,52,random,15.182698965072632,0.3460148577936015,50,,,,,,,,,,,,,,,,,,,,,0.2725577354431152,0.9336569579288024,0.968,0.6080402010050251,0.7469135802469136,121.0,1033.0,4.0,78.0,0.996142719382835,0.8389967637540453,11.282545805207324,0.5741626794258373,0.7619047619047619,0.16,0.2644628099173554,16.0,104.0,5.0,84.0,0.9541284403669724,0.7730275229357798,0.6960102378825257,0.5215311004784688,10.091743119266066,,,,,,
random_forest_target_high_count_next_7d_20251124_214847,20251124_214847,random_forest,target_high_count_next_7d,7,3,"[3, 7, 14]","[1, 3, 7]",all,50,2.0,2.0,log2,15.0,random_forest,target_high_count_next_7d,regression,1236,209,52,random,13.26452612876892,-4.034157101047997,50,0.4722537589854644,1.2011965672881015,1.4428731932647183,0.9611222186964528,-0.0001696142071199,0.109,13.616533295604604,144367617612.14075,5.9728498479384005,9.719819750369764,94.47489597967817,-0.010639875495265,-4.105452742495762,2.664333333333333,33.015797364868675,535834642777.1515,7.236602096591878,10.525511766424993,17.463337513729673,7.654658832127109,0.0464923381805419,,,,,,,,,,,,,,,,,,,,,,,,,,,,,,
random_forest_target_time_to_high_days_20251124_214903,20251124_214903,random_forest,target_time_to_high_days,7,3,"[3, 7, 14]","[1, 3, 7]",all,200,2.0,2.0,sqrt,20.0,random_forest,target_time_to_high_days,regression,1236,209,52,random,16.555687189102173,-8.22598663412939,50,1.016779234661623,3.1616787745658166,9.996212673540002,0.9184892290894164,-0.0082948208480731,0.1379412928054059,44.73367717872085,49249418858.39212,7.716863425068455,16.07545465049034,258.4202422199715,-0.0547667329443286,2.289477348267804,5.034355003257014,116.28220067372214,382952039983.1564,7.779687117679656,15.843603227545067,0.8075349517390196,-1.4633755946512508,0.1961359977722168,,,,,,,,,,,,,,,,,,,,,,,,,,,,,,
xgboost_target_next_intensity_20251124_214911,20251124_214911,xgboost,target_next_intensity,7,3,"[3, 7, 14]","[1, 3, 7]",all,100,,,,3.0,xgboost,target_next_intensity,regression,1236,209,52,random,7.361166954040527,-1.1502628737282985,50,0.7591921641795767,1.1568457742069287,1.3382921453004282,0.6279876601643833,-0.0003346163285202,0.4684139490127563,5.1169962882995605,21.344641456647363,1.9535718968040063,2.438577690333905,5.946661151794244,0.140603248355607,-1.041885887036483,1.855790615081787,5.823242664337158,39.43126763099743,2.68385825552407,3.2239728261211047,27.21031772884975,24.36109663902289,0.121889591217041,,,,,,,,,,,,,,,,,,,,,,,,,1.0,5.0,0.05,0.6,,
xgboost_target_next_high_intensity_20251124_214914,20251124_214914,xgboost,target_next_high_intensity,7,3,"[3, 7, 14]","[1, 3, 7]",all,200,,,,3.0,xgboost,target_next_high_intensity,classification,1236,209,52,random,2.953346014022827,0.3895113988842292,50,,,,,,,,,,,,,,,,,,,,,0.3061931133270263,0.988673139158576,0.9894179894179894,0.9396984924623116,0.963917525773196,187.0,1035.0,2.0,12.0,0.9980713596914176,0.8389967637540453,17.839922854387652,0.5598086124401914,0.6818181818181818,0.15,0.2459016393442623,15.0,102.0,7.0,85.0,0.9357798165137616,0.7035779816513761,0.6571677617080448,0.5215311004784688,7.339449541284422,0.8,5.0,0.2,1.0,,
xgboost_target_high_count_next_7d_20251124_214921,20251124_214921,xgboost,target_high_count_next_7d,7,3,"[3, 7, 14]","[1, 3, 7]",all,100,,,,10.0,xgboost,target_high_count_next_7d,regression,1236,209,52,random,6.004136085510254,-4.05822036519048,50,0.2094951848712622,0.5336073446804125,0.2847367982968805,0.9923278531856212,0.0005698436670081,0.0649018958210945,8.07707405090332,69126680733.36533,6.277261688146722,9.515953615849051,90.55337321899069,0.0313103932350179,-3.0862800334736207,2.7488746643066406,30.56172275543213,594618853980.5919,7.236602096591878,10.525511766424993,13.256779848334666,9.59153505292064,0.3275899887084961,,,,,,,,,,,,,,,,,,,,,,,,,0.6,5.0,0.05,1.0,,
xgboost_target_time_to_high_days_20251124_214928,20251124_214928,xgboost,target_time_to_high_days,7,3,"[3, 7, 14]","[1, 3, 7]",all,300,,,,7.0,xgboost,target_time_to_high_days,regression,1236,209,52,random,6.51451587677002,-7.618736378587125,50,0.0010686107559603,0.0015436341636596,2.382806431217106e-06,0.9999999805702025,-1.6894855999589817e-07,0.0006930239754696,0.0078031025520234,22903338.694751494,8.155534019652853,16.840523661464236,283.60323719233674,-0.1575535158393968,1.8365962887973064,5.765392986934814,119.69688963845648,304220345114.01685,7.779687117679656,15.843603227545067,-4.831131333277778,-6.292258267273203,0.7568891048431396,,,,,,,,,,,,,,,,,,,,,,,,,1.0,1.0,0.2,0.8,,
lightgbm_target_next_intensity_20251124_215044,20251124_215044,lightgbm,target_next_intensity,7,3,"[3, 7, 14]","[1, 3, 7]",all,50,,,,3.0,lightgbm,target_next_intensity,regression,1236,209,52,random,76.03813982009888,-1.1332558599186064,50,0.7750172329687549,1.1773267863486132,1.386098361853953,0.6146987063726292,1.9948069373965702e-10,0.4633266497202553,5.575993875118729,21.91917014364394,1.989774691585406,2.480250393849051,6.151642016188372,0.1109799211619224,-1.0226167837778573,1.7334408327845954,5.7624429415136165,40.45356820971154,2.68385825552407,3.2239728261211047,25.8614091303094,23.06850809182709,0.0544779300689697,,,,,,,,,,,,,,,,,,,,,,,,,0.8,,0.1,0.8,127.0,20.0
lightgbm_target_next_high_intensity_20251124_215202,20251124_215202,lightgbm,target_next_high_intensity,7,3,"[3, 7, 14]","[1, 3, 7]",all,50,,,,10.0,lightgbm,target_next_high_intensity,classification,1236,209,52,random,77.76916289329529,0.3415103415103415,50,,,,,,,,,,,,,,,,,,,,,0.236738920211792,0.9991909385113268,1.0,0.9949748743718592,0.9974811083123426,198.0,1037.0,0.0,1.0,1.0,0.8389967637540453,19.093539054966254,0.5789473684210527,0.7307692307692307,0.19,0.3015873015873015,19.0,102.0,7.0,81.0,0.9357798165137616,0.71,0.6536363280215888,0.5215311004784688,11.00917431192662,0.6,,0.1,1.0,63.0,20.0
lightgbm_target_high_count_next_7d_20251124_215317,20251124_215317,lightgbm,target_high_count_next_7d,7,3,"[3, 7, 14]","[1, 3, 7]",all,50,,,,3.0,lightgbm,target_high_count_next_7d,regression,1236,209,52,random,75.13104891777039,-3.946742825290436,50,0.8974436165297118,1.601931697653635,2.5661851639474573,0.9308549177751252,-3.6653127422789087e-10,0.4264123047096284,16.487982264546222,282270976161.46124,6.320705134287128,10.174962259996969,103.52985699236262,-0.1075048106251475,-4.70366696077723,2.014373787118227,32.14142727402406,443955378678.1727,7.236602096591878,10.525511766424993,12.656450500934644,3.330474700016308,0.0565800666809082,,,,,,,,,,,,,,,,,,,,,,,,,0.8,,0.1,0.8,127.0,20.0
lightgbm_target_time_to_high_days_20251124_215430,20251124_215430,lightgbm,target_time_to_high_days,7,3,"[3, 7, 14]","[1, 3, 7]",all,200,,,,10.0,lightgbm,target_time_to_high_days,regression,1236,209,52,random,70.6678102016449,-8.659743151871561,50,1.583139214548956,3.382528810878944,11.441501156426124,0.9067041078364374,1.5711322435069713e-08,1.002795965195912,43.644774184964376,47181745411.13532,7.178338610298823,16.32948141817473,266.65196338651384,-0.08836528376509545,1.4111294976864879,4.261197867247296,119.95028084304258,308573555821.94745,7.779687117679656,15.843603227545067,7.7297261224586284,-3.066715214029937,2.1755478382110596,,,,,,,,,,,,,,,,,,,,,,,,,0.8,,0.01,0.6,127.0,5.0
