run_id,timestamp,model_name,target_type,config_high_intensity_threshold,config_n_lags,config_window_days,config_k_days_list,config_feature_set,config_n_estimators,config_min_samples_split,config_min_samples_leaf,config_max_features,config_max_depth,config_model_name,config_target_col,config_task_type,config_n_train_samples,config_n_test_samples,config_n_features,config_search_type,config_search_time_seconds,config_best_cv_score,config_n_iter,metric_train_mae,metric_train_rmse,metric_train_mse,metric_train_r2,metric_train_mean_error,metric_train_median_abs_error,metric_train_max_error,metric_train_mape,metric_test_mae,metric_test_rmse,metric_test_mse,metric_test_r2,metric_test_mean_error,metric_test_median_abs_error,metric_test_max_error,metric_test_mape,metric_test_baseline_mae,metric_test_baseline_rmse,metric_test_mae_improvement,metric_test_rmse_improvement,metric_train_time_seconds,metric_train_accuracy,metric_train_precision,metric_train_recall,metric_train_f1,metric_train_true_positives,metric_train_true_negatives,metric_train_false_positives,metric_train_false_negatives,metric_train_specificity,metric_train_baseline_accuracy,metric_train_accuracy_improvement,metric_test_accuracy,metric_test_precision,metric_test_recall,metric_test_f1,metric_test_true_positives,metric_test_true_negatives,metric_test_false_positives,metric_test_false_negatives,metric_test_specificity,metric_test_roc_auc,metric_test_pr_auc,metric_test_baseline_accuracy,metric_test_accuracy_improvement,config_subsample,config_min_child_weight,config_learning_rate,config_colsample_bytree,config_num_leaves,config_min_child_samples
random_forest_target_next_intensity_20251108_232803,20251108_232803,random_forest,target_next_intensity,7,3,[7],[7],all,100,5.0,4.0,0.5,5.0,random_forest,target_next_intensity,regression,1236,209,34,random,8.464569091796875,-1.1830440388390382,20,0.7965518073996738,1.217739974681466,1.4828906459372173,0.5877928292020167,-0.0071448227599775,0.4676832733830118,5.152746909160964,22.34526082984388,1.937690779852004,2.377179230933092,5.6509810959796445,0.1833341982124741,-0.9863713833481048,1.7719605643031882,5.634493059443955,39.00378961190025,2.68385825552407,3.2239728261211047,27.802044841088826,26.26553140669072,0.1507990360260009,,,,,,,,,,,,,,,,,,,,,,,,,,,,,,
random_forest_target_next_high_intensity_20251108_232809,20251108_232809,random_forest,target_next_high_intensity,7,3,[7],[7],all,50,5.0,2.0,log2,15.0,random_forest,target_next_high_intensity,classification,1236,209,34,random,5.232323169708252,0.3270256857931424,20,,,,,,,,,,,,,,,,,,,,,0.0588629245758056,0.97168284789644,1.0,0.8241206030150754,0.9035812672176308,164.0,1037.0,0.0,35.0,1.0,0.8389967637540453,15.814850530376082,0.5789473684210527,0.7142857142857143,0.2,0.3125,20.0,101.0,8.0,80.0,0.926605504587156,0.7304587155963302,0.6697180147532742,0.5215311004784688,11.00917431192662,,,,,,
xgboost_target_next_intensity_20251108_232811,20251108_232811,xgboost,target_next_intensity,7,3,[7],[7],all,300,,,,3.0,xgboost,target_next_intensity,regression,1236,209,34,random,2.075866222381592,-1.1695963126941793,20,0.8427873483367723,1.2478839385809568,1.5572143241683212,0.5671326724933067,-0.0005538768367088,0.5323143005371094,5.441277980804443,23.78299856561664,1.9672648302105624,2.4296491386653023,5.903194937017045,0.146884878136132,-1.0392575902801953,1.8606748580932615,5.706289768218994,39.44968340438314,2.68385825552407,3.2239728261211047,26.700121880079703,24.63803916149896,0.3577570915222168,,,,,,,,,,,,,,,,,,,,,,,,,1.0,3.0,0.01,0.8,,
xgboost_target_next_high_intensity_20251108_232813,20251108_232813,xgboost,target_next_high_intensity,7,3,[7],[7],all,100,,,,10.0,xgboost,target_next_high_intensity,classification,1236,209,34,random,1.0469279289245603,0.3616307746661436,20,,,,,,,,,,,,,,,,,,,,,0.5709400177001953,0.9975728155339806,1.0,0.984924623115578,0.9924050632911392,196.0,1037.0,0.0,3.0,1.0,0.8389967637540453,18.900675024108004,0.5741626794258373,0.6571428571428571,0.23,0.3407407407407407,23.0,97.0,12.0,77.0,0.8899082568807339,0.7481651376146788,0.6991525978435449,0.5215311004784688,10.091743119266066,1.0,3.0,0.1,0.6,,
random_forest_target_next_intensity_20251109_181403,20251109_181403,random_forest,target_next_intensity,7,3,[7],"[1, 3, 7]",sequence_only,100,2.0,4.0,1.0,5.0,random_forest,target_next_intensity,regression,1236,209,22,random,15.44604992866516,-1.1375048454966672,50,0.7884280517912415,1.2065912167508537,1.4558623643403048,0.595306027507717,-0.0066590556640323,0.4325464397041401,5.405361229311858,22.346314057012258,2.0301734336865693,2.4830194126160503,6.165385403428155,0.1089937608529737,-1.0754806695916248,1.7685952559521514,5.816158941964414,40.64927323044569,2.68385825552407,3.2239728261211047,24.356160407951855,22.982619689029026,0.0882518291473388,,,,,,,,,,,,,,,,,,,,,,,,,,,,,,
random_forest_target_next_high_intensity_20251109_181418,20251109_181418,random_forest,target_next_high_intensity,7,3,[7],"[1, 3, 7]",sequence_only,200,10.0,2.0,1.0,,random_forest,target_next_high_intensity,classification,1236,209,22,random,13.82287311553955,0.2306121119813307,50,,,,,,,,,,,,,,,,,,,,,0.2803211212158203,0.95873786407767,0.9933333333333332,0.7487437185929648,0.8538681948424068,149.0,1036.0,1.0,50.0,0.9990356798457088,0.8389967637540453,14.271938283510128,0.5502392344497608,0.6875,0.11,0.1896551724137931,11.0,104.0,5.0,89.0,0.9541284403669724,0.7727522935779817,0.6885215375593028,0.5215311004784688,5.504587155963311,,,,,,
random_forest_target_high_count_next_7d_20251109_181429,20251109_181429,random_forest,target_high_count_next_7d,7,3,[7],"[1, 3, 7]",sequence_only,50,5.0,2.0,log2,15.0,random_forest,target_high_count_next_7d,regression,1236,209,22,random,11.668932914733888,-3.9218349074008976,50,0.5642436831182784,1.1273941944978283,1.2710176697874074,0.9657528137402488,0.0115217877428869,0.2417380952380952,11.214809523809524,182480037041.96805,6.50343888170166,9.86672628604173,97.35228760366684,-0.0414206102339893,-3.7451972461281433,3.417404761904762,33.025436507936504,885425864688.7964,7.236602096591878,10.525511766424993,10.13131860926146,6.258940135193251,0.0456440448760986,,,,,,,,,,,,,,,,,,,,,,,,,,,,,,
random_forest_target_time_to_high_days_20251109_181442,20251109_181442,random_forest,target_time_to_high_days,7,3,[7],"[1, 3, 7]",sequence_only,100,10.0,2.0,1.0,15.0,random_forest,target_time_to_high_days,regression,1236,209,22,random,12.47762417793274,-7.632695603625557,50,1.435237966575794,4.860057459770112,23.62015851226712,0.8073973221416807,0.0236341656161092,0.1835408365920265,62.11898486004561,59915067126.470924,9.015848007511387,16.472416446665683,271.34050359238205,-0.1075020053807813,2.97006903027122,6.302932238254085,116.16147497866012,360488908976.7778,7.779687117679656,15.843603227545067,-15.889596472620408,-3.9688775974103288,0.3689630031585693,,,,,,,,,,,,,,,,,,,,,,,,,,,,,,
xgboost_target_next_intensity_20251109_181446,20251109_181446,xgboost,target_next_intensity,7,3,[7],"[1, 3, 7]",sequence_only,100,,,,3.0,xgboost,target_next_intensity,regression,1236,209,22,random,3.679130077362061,-1.1186210711797078,50,0.7695059776306152,1.170602030775693,1.3703091144561768,0.6190876960754395,0.0027340080552888,0.4324309825897217,4.746636867523193,21.68136150176136,2.0157034397125244,2.4697954885473865,6.099889755249023,0.1184590458869934,-1.1058229510293622,1.8575525283813477,5.473052501678467,40.49885410049493,2.68385825552407,3.2239728261211047,24.895309371734196,23.3927944883177,0.1145110130310058,,,,,,,,,,,,,,,,,,,,,,,,,0.8,3.0,0.05,0.8,,
xgboost_target_next_high_intensity_20251109_181449,20251109_181449,xgboost,target_next_high_intensity,7,3,[7],"[1, 3, 7]",sequence_only,100,,,,10.0,xgboost,target_next_high_intensity,classification,1236,209,22,random,2.231519937515259,0.3610752919263557,50,,,,,,,,,,,,,,,,,,,,,0.219578742980957,0.9182847896440128,0.8888888888888888,0.5628140703517588,0.6892307692307692,112.0,1023.0,14.0,87.0,0.9864995178399228,0.8389967637540453,9.450337512054002,0.6267942583732058,0.8055555555555556,0.29,0.4264705882352941,29.0,102.0,7.0,71.0,0.9357798165137616,0.8070642201834862,0.7703345392421613,0.5215311004784688,20.183486238532133,0.6,5.0,0.05,1.0,,
xgboost_target_high_count_next_7d_20251109_181452,20251109_181452,xgboost,target_high_count_next_7d,7,3,[7],"[1, 3, 7]",sequence_only,300,,,,3.0,xgboost,target_high_count_next_7d,regression,1236,209,22,random,2.9746310710906982,-4.169077237447103,50,0.4368833303451538,0.6411781713995324,0.411109447479248,0.9889227747917176,-0.0035982606553888,0.2759249657392502,4.347387313842773,140781170715.11237,6.6587748527526855,10.02997939954869,100.6004867553711,-0.0761679410934448,-4.690047524156467,3.047560930252075,31.907655715942383,724519039568.6908,7.236602096591878,10.525511766424993,7.984786728999841,4.7079170863405055,0.2163760662078857,,,,,,,,,,,,,,,,,,,,,,,,,0.6,1.0,0.1,0.6,,
xgboost_target_time_to_high_days_20251109_181457,20251109_181457,xgboost,target_time_to_high_days,7,3,[7],"[1, 3, 7]",sequence_only,200,,,,7.0,xgboost,target_time_to_high_days,regression,1236,209,22,random,4.295716047286987,-7.144009281848027,50,1.739397888564924,3.020336139742243,9.122430397033074,0.9256141942429302,-0.0512369714044986,1.162096083018629,43.77545758581128,60550566150.38867,6.940149553121214,15.72355904881708,247.23030916163748,-0.0090939596646022,0.7289746600284928,4.1616954687726055,119.41360724893808,317366205743.99884,7.779687117679656,15.843603227545067,10.791405256524513,0.7576823087773558,0.5013587474822998,,,,,,,,,,,,,,,,,,,,,,,,,1.0,3.0,0.01,1.0,,
lightgbm_target_next_intensity_20251109_181644,20251109_181644,lightgbm,target_next_intensity,7,3,[7],"[1, 3, 7]",sequence_only,50,,,,3.0,lightgbm,target_next_intensity,regression,1236,209,22,random,107.0997040271759,-1.111963425676204,50,0.7831972329080434,1.2038096108228935,1.4491575791095663,0.5971697930917423,1.0929800610058339e-10,0.4208683746710147,5.663695833545856,22.168514962037644,2.05045142027093,2.50140670558854,6.257035506763311,0.0957487147533922,-1.0811938882422318,1.927816340944542,5.848747059180065,41.3150394512564,2.68385825552407,3.2239728261211047,23.60060684834701,22.412289417523223,0.0726888179779052,,,,,,,,,,,,,,,,,,,,,,,,,0.8,,0.1,0.8,127.0,20.0
lightgbm_target_next_high_intensity_20251109_181911,20251109_181911,lightgbm,target_next_high_intensity,7,3,[7],"[1, 3, 7]",sequence_only,50,,,,3.0,lightgbm,target_next_high_intensity,classification,1236,209,22,random,147.14109897613525,0.292320834626119,50,,,,,,,,,,,,,,,,,,,,,0.0696339607238769,0.9506472491909383,0.96,0.7236180904522613,0.8252148997134671,144.0,1031.0,6.0,55.0,0.9942140790742526,0.8389967637540453,13.307618129218897,0.6172248803827751,0.7272727272727273,0.32,0.4444444444444444,32.0,97.0,12.0,68.0,0.8899082568807339,0.7492660550458715,0.6922471209720518,0.5215311004784688,18.34862385321102,1.0,,0.2,0.8,127.0,5.0
lightgbm_target_high_count_next_7d_20251109_182517,20251109_182517,lightgbm,target_high_count_next_7d,7,3,[7],"[1, 3, 7]",sequence_only,300,,,,10.0,lightgbm,target_high_count_next_7d,regression,1236,209,22,random,364.45054388046265,-4.188846408532908,50,0.057816325811848,0.0896237780279104,0.0080324215879961,0.999783568832456,-3.476944685060411e-12,0.0370829780186622,0.6052222061083677,23758469914.17932,6.445322944233935,9.626818457412831,92.67563361198438,0.0086076322835262,-4.252887526809843,3.151755440381446,30.883454469683077,739423707906.4034,7.236602096591878,10.525511766424993,10.934401833846872,8.538238604975728,1.4592509269714355,,,,,,,,,,,,,,,,,,,,,,,,,0.8,,0.2,0.6,127.0,20.0
lightgbm_target_time_to_high_days_20251109_182654,20251109_182654,lightgbm,target_time_to_high_days,7,3,[7],"[1, 3, 7]",sequence_only,100,,,,7.0,lightgbm,target_time_to_high_days,regression,1236,209,22,random,95.84276723861694,-7.371098373365014,50,0.1569877096503019,0.2673701867143145,0.0714868167436474,0.9994170846766652,1.5231086346848888e-08,0.0856145128514462,2.646840090019296,4094534344.382499,8.887706954553417,18.468936288193756,341.1016076173602,-0.3922385691534509,2.60348242005938,5.315425110486089,126.37609053961944,309272116811.3354,7.779687117679656,15.843603227545067,-14.242472995549408,-16.570302998274965,0.3795421123504638,,,,,,,,,,,,,,,,,,,,,,,,,0.6,,0.2,1.0,63.0,5.0
random_forest_target_next_intensity_20251109_182708,20251109_182708,random_forest,target_next_intensity,7,3,[7],"[1, 3, 7]",time_window_only,100,5.0,4.0,0.5,5.0,random_forest,target_next_intensity,regression,1236,209,27,random,11.973841905593872,-1.3084976645364967,50,0.8240527157301647,1.2584139485088912,1.5836056658017386,0.559796527850356,-0.0056871509957643,0.5233968970475926,5.022613323675132,23.33465688348756,1.9910705303296268,2.449558306286857,6.000335895898934,0.1328463071828285,-1.1041667785782965,1.734292695523365,5.563674880659556,39.253708259717854,2.68385825552407,3.2239728261211047,25.813126448407186,24.020503943452216,0.1068131923675537,,,,,,,,,,,,,,,,,,,,,,,,,,,,,,
random_forest_target_next_high_intensity_20251109_182722,20251109_182722,random_forest,target_next_high_intensity,7,3,[7],"[1, 3, 7]",time_window_only,300,2.0,4.0,1.0,5.0,random_forest,target_next_high_intensity,classification,1236,209,27,random,13.199015855789185,0.3455297788631122,50,,,,,,,,,,,,,,,,,,,,,0.3907010555267334,0.8956310679611651,0.8977272727272727,0.3969849246231156,0.5505226480836237,79.0,1028.0,9.0,120.0,0.991321118611379,0.8389967637540453,6.750241080038578,0.6028708133971292,0.6808510638297872,0.32,0.4353741496598639,32.0,94.0,15.0,68.0,0.8623853211009175,0.7356880733944954,0.6661180183532758,0.5215311004784688,15.59633027522938,,,,,,
random_forest_target_high_count_next_7d_20251109_182732,20251109_182732,random_forest,target_high_count_next_7d,7,3,[7],"[1, 3, 7]",time_window_only,50,5.0,2.0,log2,15.0,random_forest,target_high_count_next_7d,regression,1236,209,27,random,10.580138921737673,-3.840660844114282,50,0.4355304746536244,1.0386307066053702,1.0787537447035709,0.9709333069858528,0.0006686822374366,0.1172023809523812,11.748602397602395,134733923251.40308,5.959696216330187,9.353161822564235,87.48163607907317,0.0641701281778136,-3.880187470955413,2.6519847374847383,32.73057575757576,555579378155.82,7.236602096591878,10.525511766424993,17.645102815077507,11.138175224889288,0.0435438156127929,,,,,,,,,,,,,,,,,,,,,,,,,,,,,,
random_forest_target_time_to_high_days_20251109_182746,20251109_182746,random_forest,target_time_to_high_days,7,3,[7],"[1, 3, 7]",time_window_only,200,10.0,2.0,1.0,,random_forest,target_time_to_high_days,regression,1236,209,27,random,13.302509069442747,-8.143551669192755,50,1.2800889775112352,4.730562416726915,22.37822077854919,0.8175242877639959,0.0530936917932981,0.107438680946803,59.373504048287955,55841212020.29362,8.492012500891358,16.141289463203822,260.54122553493477,-0.0634237275455833,2.938836446207058,4.926863052583136,113.85425629648134,390488933409.05585,7.779687117679656,15.843603227545067,-9.15622148341818,-1.8789048891429552,0.3667609691619873,,,,,,,,,,,,,,,,,,,,,,,,,,,,,,
xgboost_target_next_intensity_20251109_182750,20251109_182750,xgboost,target_next_intensity,7,3,[7],"[1, 3, 7]",time_window_only,100,,,,3.0,xgboost,target_next_intensity,regression,1236,209,27,random,4.238178968429565,-1.3403113683064778,50,0.806094765663147,1.2170663109755295,1.4812504053115845,0.5882487297058105,-0.000139712322877,0.5148038864135742,5.053654193878174,22.634469560359737,2.0169718265533447,2.498222386664406,6.241115093231201,0.098049521446228,-1.1276553897766406,1.7758066654205322,5.75392484664917,40.11671916904509,2.68385825552407,3.2239728261211047,24.848049542039032,22.511059447417217,0.1207528114318847,,,,,,,,,,,,,,,,,,,,,,,,,1.0,5.0,0.05,0.6,,
xgboost_target_next_high_intensity_20251109_182752,20251109_182752,xgboost,target_next_high_intensity,7,3,[7],"[1, 3, 7]",time_window_only,100,,,,7.0,xgboost,target_next_high_intensity,classification,1236,209,27,random,1.9214661121368408,0.3244141271800926,50,,,,,,,,,,,,,,,,,,,,,0.182229995727539,0.9935275080906149,1.0,0.9597989949748744,0.9794871794871794,191.0,1037.0,0.0,8.0,1.0,0.8389967637540453,18.41851494696239,0.583732057416268,0.8095238095238095,0.17,0.2809917355371901,17.0,105.0,4.0,83.0,0.963302752293578,0.7115596330275229,0.6731908469409846,0.5215311004784688,11.926605504587178,0.6,3.0,0.2,1.0,,
xgboost_target_high_count_next_7d_20251109_182757,20251109_182757,xgboost,target_high_count_next_7d,7,3,[7],"[1, 3, 7]",time_window_only,100,,,,7.0,xgboost,target_high_count_next_7d,regression,1236,209,27,random,3.746856212615967,-4.075666507085164,50,0.0631437972187995,0.1039763176731922,0.0108110746368765,0.9997087121009828,-0.0001134353581687,0.0303589552640914,0.5936511158943176,23234205095.601673,6.549001693725586,10.32538442565688,106.61356353759766,-0.140492558479309,-4.022419010658869,2.883998394012451,34.36442303657532,557442785541.314,7.236602096591878,10.525511766424993,9.50170250745335,1.9013549669527008,0.3232359886169433,,,,,,,,,,,,,,,,,,,,,,,,,0.8,1.0,0.1,0.8,,
xgboost_target_time_to_high_days_20251109_182801,20251109_182801,xgboost,target_time_to_high_days,7,3,[7],"[1, 3, 7]",time_window_only,300,,,,7.0,xgboost,target_time_to_high_days,regression,1236,209,27,random,3.822649955749512,-7.212043125605393,50,0.0022026727106169,0.003149652846545,9.920313053749236e-06,0.9999999191081272,-4.082841162550636e-06,0.0014741892987335,0.0157643086990013,50930245.26324818,12.182414901517904,19.134122821361306,366.11465614293934,-0.4943316995044606,6.6213762486724885,8.203596676136295,116.45974888966715,598802625008.876,7.779687117679656,15.843603227545067,-56.59260735348689,-20.768757880123296,0.6490621566772461,,,,,,,,,,,,,,,,,,,,,,,,,1.0,1.0,0.2,0.8,,
lightgbm_target_next_intensity_20251109_182959,20251109_182959,lightgbm,target_next_intensity,7,3,[7],"[1, 3, 7]",time_window_only,50,,,,3.0,lightgbm,target_next_intensity,regression,1236,209,27,random,117.47944903373718,-1.253314651656498,50,0.8145469925688065,1.2330899287200243,1.5205107723107545,0.5773353582482516,-6.80227280471977e-11,0.4948297177555816,5.36321898595112,22.998946575079625,2.0079300476530033,2.540426505534105,6.453766830020224,0.0673175908272069,-1.104615484207991,1.617151317109169,6.222835571033235,39.94016588511054,2.68385825552407,3.2239728261211047,25.184944341968613,21.20198765475957,0.0499870777130126,,,,,,,,,,,,,,,,,,,,,,,,,0.8,,0.1,0.8,127.0,20.0
lightgbm_target_next_high_intensity_20251109_183232,20251109_183232,lightgbm,target_next_high_intensity,7,3,[7],"[1, 3, 7]",time_window_only,50,,,,7.0,lightgbm,target_next_high_intensity,classification,1236,209,27,random,153.17846417427063,0.3167783634733301,50,,,,,,,,,,,,,,,,,,,,,0.1419031620025634,0.9288025889967636,0.951219512195122,0.5879396984924623,0.7267080745341615,117.0,1031.0,6.0,82.0,0.9942140790742526,0.8389967637540453,10.70395371263259,0.5741626794258373,0.6666666666666666,0.22,0.3308270676691729,22.0,98.0,11.0,78.0,0.8990825688073395,0.7352293577981651,0.6714863822021343,0.5215311004784688,10.091743119266066,1.0,,0.05,0.8,15.0,5.0
lightgbm_target_high_count_next_7d_20251109_183420,20251109_183420,lightgbm,target_high_count_next_7d,7,3,[7],"[1, 3, 7]",time_window_only,50,,,,5.0,lightgbm,target_high_count_next_7d,regression,1236,209,27,random,107.37946915626526,-3.9666223992043306,50,0.4837774822709328,0.8278823883444882,0.685389248930974,0.9815323942172288,-1.0510755157280004e-11,0.2046903751899541,7.765130295309012,165612101711.44482,6.049767537164047,9.682621133977085,93.75315202413964,-0.0029190602056479,-4.001550617806039,2.7398834075205745,34.44335568889002,443850767326.62286,7.236602096591878,10.525511766424993,16.400439648143404,8.008072682381306,0.1512579917907714,,,,,,,,,,,,,,,,,,,,,,,,,0.8,,0.1,0.6,15.0,5.0
lightgbm_target_time_to_high_days_20251109_183558,20251109_183558,lightgbm,target_time_to_high_days,7,3,[7],"[1, 3, 7]",time_window_only,50,,,,7.0,lightgbm,target_time_to_high_days,regression,1236,209,27,random,98.47247886657716,-7.664223376773005,50,1.4458301370397353,3.882025093072551,15.07011882324495,0.8771157594267369,1.4729727076316544e-08,0.5268538160484264,53.4044674163915,57855355474.04766,7.404599799940338,16.336166283655174,266.8703288472321,-0.089256563107654,1.6255511171156227,3.4845530928180675,122.03274136501778,309914061906.6079,7.779687117679656,15.843603227545067,4.821367647124482,-3.1089080497405823,0.1297478675842285,,,,,,,,,,,,,,,,,,,,,,,,,1.0,,0.1,0.8,15.0,10.0
random_forest_target_next_intensity_20251109_183617,20251109_183617,random_forest,target_next_intensity,7,3,[7],"[1, 3, 7]",all,100,2.0,4.0,1.0,5.0,random_forest,target_next_intensity,regression,1236,209,34,random,16.374348878860474,-1.164275315488914,50,0.7728058325188638,1.1891451114415954,1.414066096065444,0.6069243633187201,-0.0060608623305293,0.4450785487310238,4.952965050064311,21.6885045748149,1.9897551831640592,2.445864549690618,5.9822533954332915,0.1354595453958538,-1.033288980352737,1.7948233428082068,5.651598943204534,39.767041235216695,2.68385825552407,3.2239728261211047,25.862136010028408,24.135075523160065,0.1465189456939697,,,,,,,,,,,,,,,,,,,,,,,,,,,,,,
random_forest_target_next_high_intensity_20251109_183635,20251109_183635,random_forest,target_next_high_intensity,7,3,[7],"[1, 3, 7]",all,50,5.0,4.0,1.0,,random_forest,target_next_high_intensity,classification,1236,209,34,random,17.707921981811523,0.333967654764115,50,,,,,,,,,,,,,,,,,,,,,0.1499750614166259,0.9579288025889968,0.9867549668874172,0.7487437185929648,0.8514285714285714,149.0,1035.0,2.0,50.0,0.9980713596914176,0.8389967637540453,14.175506268080998,0.583732057416268,0.696969696969697,0.23,0.3458646616541353,23.0,99.0,10.0,77.0,0.908256880733945,0.7155963302752294,0.645467213279737,0.5215311004784688,11.926605504587178,,,,,,
random_forest_target_high_count_next_7d_20251109_183650,20251109_183650,random_forest,target_high_count_next_7d,7,3,[7],"[1, 3, 7]",all,50,2.0,1.0,0.5,5.0,random_forest,target_high_count_next_7d,regression,1236,209,34,random,14.169351816177368,-3.9244493939505336,50,0.8431078675677833,1.4058999508573042,1.9765546718205704,0.9467423328506968,-0.010502870631488,0.4087073870527808,12.402427417806642,273413713714.4536,5.864751067156133,9.476030088807308,89.79514624398142,0.0394214835693789,-3.463902027607985,2.932214568027119,32.57302962254341,525260555182.6921,7.236602096591878,10.525511766424993,18.957115661808,9.970837531771084,0.0504927635192871,,,,,,,,,,,,,,,,,,,,,,,,,,,,,,
random_forest_target_time_to_high_days_20251109_183707,20251109_183707,random_forest,target_time_to_high_days,7,3,[7],"[1, 3, 7]",all,200,2.0,1.0,1.0,,random_forest,target_time_to_high_days,regression,1236,209,34,random,16.733078956604004,-8.015144367944414,50,0.6784778528054026,2.1531442253028463,4.636030054954995,0.962197044412202,0.0175364732390605,0.0396391876602145,26.675893639908708,34424591018.535355,10.322949851357611,17.04044913002751,290.37690655305533,-0.1852008899006307,4.809501017618745,8.816869309289599,112.81546459403236,492342357711.5161,7.779687117679656,15.843603227545067,-32.69106707258559,-7.554126957696433,0.4829318523406982,,,,,,,,,,,,,,,,,,,,,,,,,,,,,,
xgboost_target_next_intensity_20251109_183712,20251109_183712,xgboost,target_next_intensity,7,3,[7],"[1, 3, 7]",all,300,,,,3.0,xgboost,target_next_intensity,regression,1236,209,34,random,5.111409902572632,-1.1695963541666667,50,0.8427873849868774,1.2478839606752736,1.557214379310608,0.5671326518058777,-0.0005538768367088,0.5323143005371094,5.441277980804443,23.78299856561664,1.967265009880066,2.429648935680436,5.903193950653076,0.1468849778175354,-1.0392575902801953,1.8606748580932615,5.706289768218994,39.44968340438314,2.68385825552407,3.2239728261211047,26.7001151856314,24.63804545760867,0.3413200378417969,,,,,,,,,,,,,,,,,,,,,,,,,1.0,3.0,0.01,0.8,,
xgboost_target_next_high_intensity_20251109_183715,20251109_183715,xgboost,target_next_high_intensity,7,3,[7],"[1, 3, 7]",all,50,,,,3.0,xgboost,target_next_high_intensity,classification,1236,209,34,random,2.5515801906585693,0.3786737762921843,50,,,,,,,,,,,,,,,,,,,,,0.057513952255249,0.9053398058252428,0.8596491228070176,0.4924623115577889,0.6261980830670927,98.0,1021.0,16.0,101.0,0.9845708775313404,0.8389967637540453,7.907425265188048,0.5789473684210527,0.75,0.18,0.2903225806451613,18.0,103.0,6.0,82.0,0.944954128440367,0.7901834862385321,0.7514935153523938,0.5215311004784688,11.00917431192662,1.0,3.0,0.1,1.0,,
xgboost_target_high_count_next_7d_20251109_183722,20251109_183722,xgboost,target_high_count_next_7d,7,3,[7],"[1, 3, 7]",all,300,,,,10.0,xgboost,target_high_count_next_7d,regression,1236,209,34,random,5.78258204460144,-4.033395528793335,50,0.0783339887857437,0.2072007816683586,0.0429321639239788,0.9988431930541992,0.0009279509075833,0.0350071769207716,4.141749382019043,25372157594.283237,5.993231296539307,9.289381170942578,86.2926025390625,0.0768897533416748,-3.711525980543577,2.746673583984375,30.53194808959961,543949857603.6843,7.236602096591878,10.525511766424993,17.181693610570967,11.744137700035736,1.1471400260925293,,,,,,,,,,,,,,,,,,,,,,,,,0.6,5.0,0.05,0.8,,
xgboost_target_time_to_high_days_20251109_183728,20251109_183728,xgboost,target_time_to_high_days,7,3,[7],"[1, 3, 7]",all,300,,,,7.0,xgboost,target_time_to_high_days,regression,1236,209,34,random,4.74741792678833,-7.309250074435293,50,0.0011545298734075,0.0016861054594371,2.842951620343604e-06,0.9999999768181024,2.7814360253867973e-08,0.0007531657028253,0.0107043313635699,18029516.12424346,10.979294606195072,18.0143505556383,324.5168259414259,-0.3245462094735547,5.672871323274465,7.305282104362205,118.01697624651192,530754475072.0299,7.779687117679656,15.843603227545067,-41.127714265579876,-13.701096252645703,0.7395789623260498,,,,,,,,,,,,,,,,,,,,,,,,,1.0,1.0,0.2,0.8,,
lightgbm_target_next_intensity_20251109_183912,20251109_183912,lightgbm,target_next_intensity,7,3,[7],"[1, 3, 7]",all,50,,,,3.0,lightgbm,target_next_intensity,regression,1236,209,34,random,103.9381320476532,-1.1224026974700905,50,0.7819569689610504,1.1955963324746042,1.4294505902267245,0.6026478518782077,-2.2904527609329254e-10,0.4537461377542464,5.4858155503906,22.01085918072272,1.996244479260335,2.46704072312557,6.0862899295599355,0.1204244429747578,-1.0897746967269142,1.7271738223159696,6.074416051175728,39.738364883466055,2.68385825552407,3.2239728261211047,25.62034618812112,23.478240786112057,0.1055312156677246,,,,,,,,,,,,,,,,,,,,,,,,,0.8,,0.1,0.8,127.0,20.0
lightgbm_target_next_high_intensity_20251109_184129,20251109_184129,lightgbm,target_next_high_intensity,7,3,[7],"[1, 3, 7]",all,50,,,,3.0,lightgbm,target_next_high_intensity,classification,1236,209,34,random,137.51548314094543,0.3493556456237339,50,,,,,,,,,,,,,,,,,,,,,0.0686819553375244,0.8875404530744336,0.8571428571428571,0.3618090452261306,0.508833922261484,72.0,1025.0,12.0,127.0,0.9884281581485052,0.8389967637540453,5.785920925747345,0.583732057416268,0.9333333333333332,0.14,0.2434782608695652,14.0,108.0,1.0,86.0,0.9908256880733946,0.7896788990825687,0.7556569502796053,0.5215311004784688,11.926605504587178,0.8,,0.05,0.6,15.0,10.0
lightgbm_target_high_count_next_7d_20251109_184315,20251109_184315,lightgbm,target_high_count_next_7d,7,3,[7],"[1, 3, 7]",all,300,,,,3.0,lightgbm,target_high_count_next_7d,regression,1236,209,34,random,104.96698188781738,-3.961359088196417,50,0.3867816195274103,0.6366834323081324,0.4053657929756643,0.9890775414493715,-1.2798158649356816e-10,0.2128291717971931,6.205882284833251,136919666827.51524,5.876267793488021,9.048401747076726,81.87357417650115,0.1241620543314477,-3.6016337162031933,2.6459809044367666,29.538459799928994,547674199678.3215,7.236602096591878,10.525511766424993,18.797970165369662,14.033617102211169,0.2641870975494385,,,,,,,,,,,,,,,,,,,,,,,,,0.8,,0.1,0.6,31.0,10.0
lightgbm_target_time_to_high_days_20251109_184450,20251109_184450,lightgbm,target_time_to_high_days,7,3,[7],"[1, 3, 7]",all,300,,,,10.0,lightgbm,target_time_to_high_days,regression,1236,209,34,random,94.78962087631226,-7.791535423876709,50,0.3881632475646458,0.7214272164848993,0.5204572286851497,0.9957561057050732,1.512414746335431e-08,0.2208873391085331,10.63208275663024,14423045228.83818,8.104445959923146,16.40629159403403,269.16640386847166,-0.0986282111176672,2.204332870300952,5.531373146262556,116.16583320897692,261797696973.73184,7.779687117679656,15.843603227545067,-4.174446058447024,-3.5515176592575566,0.809837818145752,,,,,,,,,,,,,,,,,,,,,,,,,0.8,,0.05,1.0,15.0,5.0
random_forest_target_next_intensity_20251109_184503,20251109_184503,random_forest,target_next_intensity,7,3,"[3, 7, 14]","[1, 3, 7]",sequence_only,100,2.0,4.0,1.0,5.0,random_forest,target_next_intensity,regression,1236,209,22,random,10.783148765563965,-1.1375048454966674,50,0.7884280517912415,1.2065912167508537,1.4558623643403048,0.595306027507717,-0.006659055664032,0.4325464397041401,5.405361229311857,22.346314057012272,2.030173433686569,2.4830194126160503,6.165385403428155,0.1089937608529737,-1.075480669591625,1.7685952559521525,5.816158941964414,40.64927323044569,2.68385825552407,3.2239728261211047,24.356160407951872,22.982619689029026,0.0995903015136718,,,,,,,,,,,,,,,,,,,,,,,,,,,,,,
random_forest_target_next_high_intensity_20251109_184515,20251109_184515,random_forest,target_next_high_intensity,7,3,"[3, 7, 14]","[1, 3, 7]",sequence_only,200,10.0,2.0,1.0,,random_forest,target_next_high_intensity,classification,1236,209,22,random,11.944353103637695,0.2306121119813307,50,,,,,,,,,,,,,,,,,,,,,0.2642576694488525,0.95873786407767,0.9933333333333332,0.7487437185929648,0.8538681948424068,149.0,1036.0,1.0,50.0,0.9990356798457088,0.8389967637540453,14.271938283510128,0.5502392344497608,0.6875,0.11,0.1896551724137931,11.0,104.0,5.0,89.0,0.9541284403669724,0.7727522935779817,0.6885215375593028,0.5215311004784688,5.504587155963311,,,,,,
random_forest_target_high_count_next_7d_20251109_184525,20251109_184525,random_forest,target_high_count_next_7d,7,3,"[3, 7, 14]","[1, 3, 7]",sequence_only,50,5.0,2.0,log2,15.0,random_forest,target_high_count_next_7d,regression,1236,209,22,random,10.193496227264404,-3.9218349074008976,50,0.5642436831182784,1.1273941944978283,1.2710176697874072,0.9657528137402488,0.0115217877428869,0.2417380952380952,11.214809523809524,182480037041.96805,6.50343888170166,9.866726286041732,97.35228760366688,-0.0414206102339897,-3.745197246128143,3.417404761904762,33.02543650793651,885425864688.7964,7.236602096591878,10.525511766424993,10.13131860926146,6.258940135193234,0.0545012950897216,,,,,,,,,,,,,,,,,,,,,,,,,,,,,,
random_forest_target_time_to_high_days_20251109_184536,20251109_184536,random_forest,target_time_to_high_days,7,3,"[3, 7, 14]","[1, 3, 7]",sequence_only,100,10.0,2.0,1.0,15.0,random_forest,target_time_to_high_days,regression,1236,209,22,random,10.935467004776,-7.632695603625557,50,1.435237966575794,4.860057459770113,23.620158512267125,0.8073973221416807,0.0236341656161091,0.1835408365920212,62.1189848600456,59915067126.470924,9.015848007511387,16.472416446665683,271.34050359238205,-0.1075020053807813,2.97006903027122,6.302932238254087,116.16147497866012,360488908976.7778,7.779687117679656,15.843603227545067,-15.889596472620408,-3.9688775974103288,0.1363260746002197,,,,,,,,,,,,,,,,,,,,,,,,,,,,,,
xgboost_target_next_intensity_20251109_184540,20251109_184540,xgboost,target_next_intensity,7,3,"[3, 7, 14]","[1, 3, 7]",sequence_only,100,,,,3.0,xgboost,target_next_intensity,regression,1236,209,22,random,3.1489033699035645,-1.1186210711797078,50,0.7695059776306152,1.170602030775693,1.3703091144561768,0.6190876960754395,0.0027340080552888,0.4324309825897217,4.746636867523193,21.68136150176136,2.0157034397125244,2.4697954885473865,6.099889755249023,0.1184590458869934,-1.1058229510293622,1.8575525283813477,5.473052501678467,40.49885410049493,2.68385825552407,3.2239728261211047,24.895309371734196,23.3927944883177,0.0934059619903564,,,,,,,,,,,,,,,,,,,,,,,,,0.8,3.0,0.05,0.8,,
xgboost_target_next_high_intensity_20251109_184542,20251109_184542,xgboost,target_next_high_intensity,7,3,"[3, 7, 14]","[1, 3, 7]",sequence_only,100,,,,10.0,xgboost,target_next_high_intensity,classification,1236,209,22,random,1.517143964767456,0.3610752919263557,50,,,,,,,,,,,,,,,,,,,,,0.2016839981079101,0.9182847896440128,0.8888888888888888,0.5628140703517588,0.6892307692307692,112.0,1023.0,14.0,87.0,0.9864995178399228,0.8389967637540453,9.450337512054002,0.6267942583732058,0.8055555555555556,0.29,0.4264705882352941,29.0,102.0,7.0,71.0,0.9357798165137616,0.8070642201834862,0.7703345392421613,0.5215311004784688,20.183486238532133,0.6,5.0,0.05,1.0,,
xgboost_target_high_count_next_7d_20251109_184544,20251109_184544,xgboost,target_high_count_next_7d,7,3,"[3, 7, 14]","[1, 3, 7]",sequence_only,300,,,,3.0,xgboost,target_high_count_next_7d,regression,1236,209,22,random,2.6884419918060303,-4.169077237447103,50,0.4368833303451538,0.6411781713995324,0.411109447479248,0.9889227747917176,-0.0035982606553888,0.2759249657392502,4.347387313842773,140781170715.11237,6.6587748527526855,10.02997939954869,100.6004867553711,-0.0761679410934448,-4.690047524156467,3.047560930252075,31.907655715942383,724519039568.6908,7.236602096591878,10.525511766424993,7.984786728999841,4.7079170863405055,0.2538681030273437,,,,,,,,,,,,,,,,,,,,,,,,,0.6,1.0,0.1,0.6,,
xgboost_target_time_to_high_days_20251109_184548,20251109_184548,xgboost,target_time_to_high_days,7,3,"[3, 7, 14]","[1, 3, 7]",sequence_only,200,,,,7.0,xgboost,target_time_to_high_days,regression,1236,209,22,random,2.800602674484253,-7.144009281848027,50,1.739397888564924,3.020336139742243,9.122430397033074,0.9256141942429302,-0.0512369714044986,1.162096083018629,43.77545758581128,60550566150.38867,6.940149553121214,15.72355904881708,247.23030916163748,-0.0090939596646022,0.7289746600284928,4.1616954687726055,119.41360724893808,317366205743.99884,7.779687117679656,15.843603227545067,10.791405256524513,0.7576823087773558,0.400400161743164,,,,,,,,,,,,,,,,,,,,,,,,,1.0,3.0,0.01,1.0,,
lightgbm_target_next_intensity_20251109_184723,20251109_184723,lightgbm,target_next_intensity,7,3,"[3, 7, 14]","[1, 3, 7]",sequence_only,50,,,,3.0,lightgbm,target_next_intensity,regression,1236,209,22,random,95.40928506851196,-1.111963425676204,50,0.7831972329080434,1.2038096108228935,1.4491575791095663,0.5971697930917423,1.0929800610058339e-10,0.4208683746710147,5.663695833545856,22.168514962037644,2.05045142027093,2.50140670558854,6.257035506763311,0.0957487147533922,-1.0811938882422318,1.927816340944542,5.848747059180065,41.3150394512564,2.68385825552407,3.2239728261211047,23.60060684834701,22.412289417523223,0.0919852256774902,,,,,,,,,,,,,,,,,,,,,,,,,0.8,,0.1,0.8,127.0,20.0
lightgbm_target_next_high_intensity_20251109_184901,20251109_184901,lightgbm,target_next_high_intensity,7,3,"[3, 7, 14]","[1, 3, 7]",sequence_only,50,,,,3.0,lightgbm,target_next_high_intensity,classification,1236,209,22,random,97.23920392990112,0.292320834626119,50,,,,,,,,,,,,,,,,,,,,,0.0504069328308105,0.9506472491909383,0.96,0.7236180904522613,0.8252148997134671,144.0,1031.0,6.0,55.0,0.9942140790742526,0.8389967637540453,13.307618129218897,0.6172248803827751,0.7272727272727273,0.32,0.4444444444444444,32.0,97.0,12.0,68.0,0.8899082568807339,0.7492660550458715,0.6922471209720518,0.5215311004784688,18.34862385321102,1.0,,0.2,0.8,127.0,5.0
lightgbm_target_high_count_next_7d_20251109_190200,20251109_190200,lightgbm,target_high_count_next_7d,7,3,"[3, 7, 14]","[1, 3, 7]",sequence_only,300,,,,10.0,lightgbm,target_high_count_next_7d,regression,1236,209,22,random,777.8451788425446,-4.188846408532908,50,0.057816325811848,0.0896237780279104,0.0080324215879961,0.999783568832456,-3.476944685060411e-12,0.0370829780186622,0.6052222061083677,23758469914.17932,6.445322944233935,9.626818457412831,92.67563361198438,0.0086076322835262,-4.252887526809843,3.151755440381446,30.883454469683077,739423707906.4034,7.236602096591878,10.525511766424993,10.934401833846872,8.538238604975728,1.5249779224395752,,,,,,,,,,,,,,,,,,,,,,,,,0.8,,0.2,0.6,127.0,20.0
lightgbm_target_time_to_high_days_20251109_191810,20251109_191810,lightgbm,target_time_to_high_days,7,3,"[3, 7, 14]","[1, 3, 7]",sequence_only,100,,,,7.0,lightgbm,target_time_to_high_days,regression,1236,209,22,random,968.7558929920197,-7.371098373365014,50,0.1569877096503019,0.2673701867143145,0.0714868167436474,0.9994170846766652,1.5231086346848888e-08,0.0856145128514462,2.646840090019296,4094534344.382499,8.887706954553417,18.468936288193756,341.1016076173602,-0.3922385691534509,2.60348242005938,5.315425110486089,126.37609053961944,309272116811.3354,7.779687117679656,15.843603227545067,-14.242472995549408,-16.570302998274965,0.7485570907592773,,,,,,,,,,,,,,,,,,,,,,,,,0.6,,0.2,1.0,63.0,5.0
random_forest_target_next_intensity_20251109_192136,20251109_192136,random_forest,target_next_intensity,7,3,"[3, 7, 14]","[1, 3, 7]",time_window_only,300,2.0,4.0,1.0,5.0,random_forest,target_next_intensity,regression,1236,209,45,random,200.44228386878967,-1.2338265924482976,50,0.7974802870242816,1.227384683384274,1.506473161006314,0.5812374693421604,-0.0043181712883512,0.4924278697825035,4.709709946935466,22.344955491483695,1.9826683790889637,2.4808402106128136,6.154568150593429,0.1105570434598994,-1.0981651602465397,1.7975486822388929,5.665779408459107,39.05346042073769,2.68385825552407,3.2239728261211047,26.126188854865102,23.050213372994985,0.5510959625244141,,,,,,,,,,,,,,,,,,,,,,,,,,,,,,
random_forest_target_next_high_intensity_20251109_192156,20251109_192156,random_forest,target_next_high_intensity,7,3,"[3, 7, 14]","[1, 3, 7]",time_window_only,200,5.0,4.0,0.5,15.0,random_forest,target_next_high_intensity,classification,1236,209,45,random,19.275848150253296,0.3604618294883781,50,,,,,,,,,,,,,,,,,,,,,0.5308742523193359,0.9563106796116504,0.9865771812080536,0.7386934673366834,0.8448275862068966,147.0,1035.0,2.0,52.0,0.9980713596914176,0.8389967637540453,13.98264223722276,0.5789473684210527,0.6666666666666666,0.24,0.3529411764705882,24.0,97.0,12.0,76.0,0.8899082568807339,0.7240366972477064,0.6482554193327965,0.5215311004784688,11.00917431192662,,,,,,
random_forest_target_high_count_next_7d_20251109_192213,20251109_192213,random_forest,target_high_count_next_7d,7,3,"[3, 7, 14]","[1, 3, 7]",time_window_only,50,5.0,2.0,sqrt,20.0,random_forest,target_high_count_next_7d,regression,1236,209,45,random,16.802417039871216,-4.096353589892799,50,0.4636680123634006,1.200933703888316,1.4422417611349097,0.9611392324439986,0.0076518719636223,0.086547619047619,13.27351515151515,138246500634.39328,5.595428813298219,8.949859562223354,80.0999861835208,0.1431349119336528,-3.384720610908621,2.75063492063492,32.19232467532468,565449390119.3162,7.236602096591878,10.525511766424993,22.67878296177953,14.969839369024918,0.0687549114227294,,,,,,,,,,,,,,,,,,,,,,,,,,,,,,
random_forest_target_time_to_high_days_20251109_192558,20251109_192558,random_forest,target_time_to_high_days,7,3,"[3, 7, 14]","[1, 3, 7]",time_window_only,50,2.0,2.0,log2,15.0,random_forest,target_time_to_high_days,regression,1236,209,45,random,224.6110999584198,-8.207834825800747,50,1.110370941837106,3.2613808297573463,10.636604916708718,0.9132673648563744,0.0353241492282797,0.1541112306291887,45.739979460033425,55264352580.820656,7.645094616013963,16.30765755148817,265.9396948166092,-0.0854580920296359,2.13712168849736,4.634081229634134,117.96273558963422,375130850560.1638,7.779687117679656,15.843603227545067,1.7300503173170876,-2.9289696117630357,0.0641500949859619,,,,,,,,,,,,,,,,,,,,,,,,,,,,,,
xgboost_target_next_intensity_20251109_192608,20251109_192608,xgboost,target_next_intensity,7,3,"[3, 7, 14]","[1, 3, 7]",time_window_only,200,,,,7.0,xgboost,target_next_intensity,regression,1236,209,45,random,8.520537853240967,-1.2557501594225566,50,0.5819257497787476,0.8368850044182398,0.7003765106201172,0.8053125143051147,-0.0066357599300088,0.3297038078308105,3.859023571014404,16.349431914074973,2.176440477371216,2.764718634584353,7.643669128417969,-0.1046441793441772,-1.4217643635124682,1.824120044708252,6.720526933670044,39.366440698478264,2.68385825552407,3.2239728261211047,18.90628080333446,14.244977123126054,0.745823860168457,,,,,,,,,,,,,,,,,,,,,,,,,1.0,3.0,0.01,1.0,,
xgboost_target_next_high_intensity_20251109_192757,20251109_192757,xgboost,target_next_high_intensity,7,3,"[3, 7, 14]","[1, 3, 7]",time_window_only,200,,,,5.0,xgboost,target_next_high_intensity,classification,1236,209,45,random,108.88117504119872,0.3344777827536448,50,,,,,,,,,,,,,,,,,,,,,0.3294770717620849,0.9854368932038836,0.983957219251337,0.9246231155778896,0.9533678756476685,184.0,1034.0,3.0,15.0,0.9971070395371264,0.8389967637540453,17.454194792671167,0.5789473684210527,0.6875,0.22,0.3333333333333333,22.0,99.0,10.0,78.0,0.908256880733945,0.7103669724770643,0.6805269331113134,0.5215311004784688,11.00917431192662,0.8,5.0,0.1,0.8,,
xgboost_target_high_count_next_7d_20251109_192809,20251109_192809,xgboost,target_high_count_next_7d,7,3,"[3, 7, 14]","[1, 3, 7]",time_window_only,300,,,,10.0,xgboost,target_high_count_next_7d,regression,1236,209,45,random,10.604872941970823,-4.093365748723348,50,0.0698323175311088,0.159294660271276,0.0253747887909412,0.9993162751197816,0.0002232281169793,0.0304106548428535,2.3492488861083984,21799272825.422527,6.164531707763672,9.548451195196568,91.17292022705078,0.024682879447937,-3.4360656015013467,2.3760576248168945,31.121658325195312,569428180508.9685,7.236602096591878,10.525511766424993,14.814554876978857,9.282784466073371,1.667393922805786,,,,,,,,,,,,,,,,,,,,,,,,,0.6,5.0,0.05,0.8,,
xgboost_target_time_to_high_days_20251109_192817,20251109_192817,xgboost,target_time_to_high_days,7,3,"[3, 7, 14]","[1, 3, 7]",time_window_only,300,,,,7.0,xgboost,target_time_to_high_days,regression,1236,209,45,random,6.732877016067505,-7.52902370330484,50,0.0011218147068897,0.0016255834121956,2.6425214300056062e-06,0.9999999784524434,7.311456949028456e-08,0.0007274412948717,0.007115408147154,27543626.279948123,7.950249629035091,16.736458938203675,280.10905779017776,-0.1432916911437933,2.187569668014786,5.212567794669822,121.08455772129297,298802480849.32874,7.779687117679656,15.843603227545067,-2.1924083677841555,-5.635433416473877,1.1802287101745603,,,,,,,,,,,,,,,,,,,,,,,,,1.0,1.0,0.2,0.8,,
lightgbm_target_next_intensity_20251109_193016,20251109_193016,lightgbm,target_next_intensity,7,3,"[3, 7, 14]","[1, 3, 7]",time_window_only,100,,,,10.0,lightgbm,target_next_intensity,regression,1236,209,45,random,117.16741013526917,-1.21717807686311,50,0.4857319719450602,0.7680541149871758,0.5899071235487339,0.8360203113440536,-2.0243077620491815e-11,0.2442571401150708,4.362697835390843,13.641519602456324,2.049790598297814,2.583251503506706,6.673188330369657,0.0356073386659002,-1.137852379725904,1.7937444335217632,6.098535031226172,40.63327471840801,2.68385825552407,3.2239728261211047,23.625228937526103,19.87365766309132,1.2073631286621094,,,,,,,,,,,,,,,,,,,,,,,,,0.8,,0.05,0.6,63.0,20.0
lightgbm_target_next_high_intensity_20251109_193217,20251109_193217,lightgbm,target_next_high_intensity,7,3,"[3, 7, 14]","[1, 3, 7]",time_window_only,200,,,,-1.0,lightgbm,target_next_high_intensity,classification,1236,209,45,random,118.79343509674072,0.331176717069744,50,,,,,,,,,,,,,,,,,,,,,2.5224390029907227,1.0,1.0,1.0,1.0,199.0,1037.0,0.0,0.0,1.0,0.8389967637540453,19.189971070395373,0.5980861244019139,0.7352941176470589,0.25,0.373134328358209,25.0,100.0,9.0,75.0,0.9174311926605504,0.6647706422018349,0.651887195710096,0.5215311004784688,14.678899082568822,0.8,,0.1,0.6,63.0,5.0
lightgbm_target_high_count_next_7d_20251109_193437,20251109_193437,lightgbm,target_high_count_next_7d,7,3,"[3, 7, 14]","[1, 3, 7]",time_window_only,50,,,,3.0,lightgbm,target_high_count_next_7d,regression,1236,209,45,random,139.73530387878418,-3.907532703284406,50,0.9504863409942524,1.63891108719807,2.6860295517407597,0.9276257470338328,-1.6641453551390347e-10,0.4564359905238896,16.580261338961858,303218759417.02466,6.26308633391448,9.792338919646598,95.88990151722552,-0.0257768174888246,-4.236631722470226,2.763873071593349,32.43298853837343,549189376541.2843,7.236602096591878,10.525511766424993,13.452663966917314,6.965674097834561,0.0739741325378418,,,,,,,,,,,,,,,,,,,,,,,,,0.8,,0.1,0.8,127.0,20.0
lightgbm_target_time_to_high_days_20251109_193636,20251109_193636,lightgbm,target_time_to_high_days,7,3,"[3, 7, 14]","[1, 3, 7]",time_window_only,50,,,,3.0,lightgbm,target_time_to_high_days,regression,1236,209,45,random,118.86098098754884,-8.639390895686715,50,1.598492667069309,3.4313389855512053,11.774087233763574,0.9039921459721544,1.5903947236472247e-08,0.607052953893238,41.72684287877995,74269426542.9781,11.82119645962188,19.018946393218307,361.72032190811166,-0.4763958074686145,5.2381052655968015,8.440331759773791,119.89876009794804,284553800590.32025,7.779687117679656,15.843603227545067,-51.94951006137162,-20.04179933105566,0.0558667182922363,,,,,,,,,,,,,,,,,,,,,,,,,1.0,,0.2,0.8,127.0,5.0
random_forest_target_next_intensity_20251109_193702,20251109_193702,random_forest,target_next_intensity,7,3,"[3, 7, 14]","[1, 3, 7]",all,100,5.0,4.0,0.5,5.0,random_forest,target_next_intensity,regression,1236,209,52,random,22.41798520088196,-1.131453991103376,50,0.7880842599184408,1.2093427573476123,1.4625099047491266,0.5934581745779052,-0.0085011666607086,0.4706693351513062,4.891901649261226,22.113007484369348,1.955174308301327,2.407210811275672,5.79466388992248,0.1625695164474123,-0.9910352382373516,1.820929878487724,5.697997227432782,39.43895648334232,2.68385825552407,3.2239728261211047,27.150612209975105,25.33402292438404,0.1302027702331543,,,,,,,,,,,,,,,,,,,,,,,,,,,,,,
random_forest_target_next_high_intensity_20251109_193731,20251109_193731,random_forest,target_next_high_intensity,7,3,"[3, 7, 14]","[1, 3, 7]",all,300,10.0,4.0,sqrt,15.0,random_forest,target_next_high_intensity,classification,1236,209,52,random,27.66812109947205,0.3460148577936015,50,,,,,,,,,,,,,,,,,,,,,0.6263649463653564,0.9336569579288024,0.968,0.6080402010050251,0.7469135802469136,121.0,1033.0,4.0,78.0,0.996142719382835,0.8389967637540453,11.282545805207324,0.5741626794258373,0.7619047619047619,0.16,0.2644628099173554,16.0,104.0,5.0,84.0,0.9541284403669724,0.7730275229357798,0.6960102378825257,0.5215311004784688,10.091743119266066,,,,,,
random_forest_target_high_count_next_7d_20251109_193753,20251109_193753,random_forest,target_high_count_next_7d,7,3,"[3, 7, 14]","[1, 3, 7]",all,50,2.0,2.0,log2,15.0,random_forest,target_high_count_next_7d,regression,1236,209,52,random,22.238813877105713,-4.034157101047997,50,0.4722537589854644,1.2011965672881018,1.442873193264719,0.9611222186964528,-0.0001696142071199,0.1090000000000001,13.616533295604604,144367617612.14075,5.9728498479384005,9.719819750369764,94.47489597967817,-0.010639875495265,-4.105452742495762,2.6643333333333334,33.015797364868675,535834642777.1515,7.236602096591878,10.525511766424993,17.463337513729673,7.654658832127109,0.0481538772583007,,,,,,,,,,,,,,,,,,,,,,,,,,,,,,
random_forest_target_time_to_high_days_20251109_193820,20251109_193820,random_forest,target_time_to_high_days,7,3,"[3, 7, 14]","[1, 3, 7]",all,200,2.0,2.0,sqrt,20.0,random_forest,target_time_to_high_days,regression,1236,209,52,random,26.14260196685791,-8.22598663412939,50,1.0167792346616225,3.1616787745658166,9.996212673540002,0.9184892290894164,-0.008294820848073,0.1379412928054059,44.73367717872085,49249418858.39212,7.716863425068455,16.07545465049034,258.4202422199715,-0.0547667329443286,2.2894773482678037,5.034355003257012,116.28220067372214,382952039983.1564,7.779687117679656,15.843603227545067,0.8075349517390196,-1.4633755946512508,0.1913108825683593,,,,,,,,,,,,,,,,,,,,,,,,,,,,,,
xgboost_target_next_intensity_20251109_193829,20251109_193829,xgboost,target_next_intensity,7,3,"[3, 7, 14]","[1, 3, 7]",all,100,,,,3.0,xgboost,target_next_intensity,regression,1236,209,52,random,9.358184814453123,-1.1502628723780317,50,0.759192168712616,1.1568458156109207,1.3382922410964966,0.6279876232147217,-0.0003346163285202,0.4684139490127563,5.1169962882995605,21.344641456647363,1.9535717964172363,2.438577658284312,5.946660995483398,0.1406032443046569,-1.041885887036483,1.855790615081787,5.823242664337158,39.431267630997425,2.68385825552407,3.2239728261211047,27.21032146923991,24.361097633125343,0.1338441371917724,,,,,,,,,,,,,,,,,,,,,,,,,1.0,5.0,0.05,0.6,,
xgboost_target_next_high_intensity_20251109_193833,20251109_193833,xgboost,target_next_high_intensity,7,3,"[3, 7, 14]","[1, 3, 7]",all,200,,,,3.0,xgboost,target_next_high_intensity,classification,1236,209,52,random,3.784118890762329,0.3895113988842292,50,,,,,,,,,,,,,,,,,,,,,0.3235728740692138,0.988673139158576,0.9894179894179894,0.9396984924623116,0.963917525773196,187.0,1035.0,2.0,12.0,0.9980713596914176,0.8389967637540453,17.839922854387652,0.5598086124401914,0.6818181818181818,0.15,0.2459016393442623,15.0,102.0,7.0,85.0,0.9357798165137616,0.7035779816513761,0.6571677617080448,0.5215311004784688,7.339449541284422,0.8,5.0,0.2,1.0,,
xgboost_target_high_count_next_7d_20251109_193843,20251109_193843,xgboost,target_high_count_next_7d,7,3,"[3, 7, 14]","[1, 3, 7]",all,100,,,,10.0,xgboost,target_high_count_next_7d,regression,1236,209,52,random,9.055675983428957,-4.0582203070322675,50,0.2094952017068863,0.5336073297026506,0.2847367823123932,0.992327868938446,0.0005698436670081,0.0649018958210945,8.07707405090332,69126680733.36533,6.277261257171631,9.515954123131069,90.55338287353516,0.0313103795051574,-3.0862800334736207,2.7488746643066406,30.56172275543213,594618853980.5919,7.236602096591878,10.525511766424993,13.256785803824348,9.59153023337338,0.7820310592651367,,,,,,,,,,,,,,,,,,,,,,,,,0.6,5.0,0.05,1.0,,
xgboost_target_time_to_high_days_20251109_193853,20251109_193853,xgboost,target_time_to_high_days,7,3,"[3, 7, 14]","[1, 3, 7]",all,300,,,,7.0,xgboost,target_time_to_high_days,regression,1236,209,52,random,8.060585021972656,-7.618736378587125,50,0.0010686107559603,0.0015436341636596,2.382806431217106e-06,0.9999999805702025,-1.6894855999589817e-07,0.0006930239754696,0.0078031025520234,22903338.694751497,8.155534019652853,16.840523661464236,283.60323719233674,-0.1575535158393968,1.8365962887973064,5.765392986934814,119.69688963845648,304220345114.01685,7.779687117679656,15.843603227545067,-4.831131333277778,-6.292258267273203,1.4708731174468994,,,,,,,,,,,,,,,,,,,,,,,,,1.0,1.0,0.2,0.8,,
lightgbm_target_next_intensity_20251109_194111,20251109_194111,lightgbm,target_next_intensity,7,3,"[3, 7, 14]","[1, 3, 7]",all,300,,,,-1.0,lightgbm,target_next_intensity,regression,1236,209,52,random,136.42351293563843,-1.1258784269671798,50,0.6739649701020742,1.0137627315521425,1.0277148758840613,0.7143205114039777,7.186350184472662e-11,0.3762826732903672,4.943108149064849,19.38709980828415,2.092538937427861,2.612471237719703,6.825005967912715,0.0136670294375084,-1.2264789391462865,1.8626979819647629,5.944919886086044,41.12068256243601,2.68385825552407,3.2239728261211047,22.03243471890224,18.967330724593133,1.120353937149048,,,,,,,,,,,,,,,,,,,,,,,,,0.6,,0.01,1.0,15.0,10.0
lightgbm_target_next_high_intensity_20251109_194308,20251109_194308,lightgbm,target_next_high_intensity,7,3,"[3, 7, 14]","[1, 3, 7]",all,100,,,,10.0,lightgbm,target_next_high_intensity,classification,1236,209,52,random,116.219012260437,0.347734404908782,50,,,,,,,,,,,,,,,,,,,,,0.6909468173980713,0.9983818770226536,1.0,0.9899497487437184,0.9949494949494948,197.0,1037.0,0.0,2.0,1.0,0.8389967637540453,18.997107039537124,0.5550239234449761,0.6521739130434783,0.15,0.2439024390243902,15.0,101.0,8.0,85.0,0.926605504587156,0.731834862385321,0.6764655613462287,0.5215311004784688,6.422018348623866,0.8,,0.05,0.6,63.0,20.0
lightgbm_target_high_count_next_7d_20251109_194455,20251109_194455,lightgbm,target_high_count_next_7d,7,3,"[3, 7, 14]","[1, 3, 7]",all,50,,,,3.0,lightgbm,target_high_count_next_7d,regression,1236,209,52,random,106.77789211273192,-3.95617658594932,50,0.8974436165297118,1.601931697653635,2.5661851639474573,0.9308549177751252,-3.6653127422789087e-10,0.4264123047096284,16.487982264546222,282270976161.46124,6.320705134287128,10.174962259996969,103.52985699236262,-0.1075048106251475,-4.70366696077723,2.014373787118227,32.14142727402406,443955378678.17267,7.236602096591878,10.525511766424993,12.656450500934644,3.330474700016308,0.0591990947723388,,,,,,,,,,,,,,,,,,,,,,,,,0.8,,0.1,0.8,127.0,20.0
lightgbm_target_time_to_high_days_20251109_194648,20251109_194648,lightgbm,target_time_to_high_days,7,3,"[3, 7, 14]","[1, 3, 7]",all,200,,,,10.0,lightgbm,target_time_to_high_days,regression,1236,209,52,random,110.47013401985168,-8.665892087432214,50,1.5831998897662913,3.3825374614426162,11.44155967806266,0.9067036306413372,1.5584639563756848e-08,1.001898361773922,43.644730110199994,47161289725.3539,7.177882098970315,16.330083582643443,266.67162981612086,-0.08844555416313793,1.4115706756584043,4.2619001780557095,119.95037878056371,308487695929.93744,7.779687117679656,15.843603227545067,7.73559411331228,-3.0705158928279657,2.5504677295684814,,,,,,,,,,,,,,,,,,,,,,,,,0.8,,0.01,0.6,127.0,5.0
